id,name,gender,phone_number,mother_name,city,id_score_lower,id_score_upper,employment_duration,annual_income,income_verification_status,home_ownership
1,Lili Sitompul,Male,+62-878-555-746,Jais Rahayu,Surabaya,423,428,2,85000000,1,mortgage
2,Halima Simbolon,female,+62-878-555-819,Tina Prasasta,Subulussalam,321,326,8,124000000,0,other
3,Tira Nuraini,Female,+62-838-555-834,Najwa Suryono,Pematangsiantar,682,687,3,183000000,0,other
4,Uli Dongoran,,+62-855-555-322,Yunita Putra,Padang Panjang,701,706,7,58000000,1,missing
5,Cornelia Saptono,Female,+62-878-555-689,Carub Padmasari,Tomohon,602,607,9,88000000,0,
6,Septi Hartati,,+62-898-555-482,Titin Hidayanto,Banjar,727,732,1,161000000,0,mortgage
7,Garan Zulkarnain,,+62-852-555-144,Iriana Marbun,Kupang,817,822,9,172000000,0,
8,Natalia Usamah,male,+62-898-555-852,Rosman Hartati,Jakarta Utara,390,395,9,171000000,1,mortgage
9,Kania Wijayanti,female,+62-838-555-404,Lutfan Suartini,Palangka Raya,840,845,0,155000000,1,
10,Vanya Prayoga,,+62-815-555-899,Anita Budiyanto,Pare-pare,542,547,3,163000000,1,rent
11,Wage Firmansyah,Male,+62-814-555-354,Tari Maryati,Banda Aceh,589,594,1,180000000,0,rent
12,Raden Suryono,,+62-898-555-315,Prima Hartati,Mataram,366,371,6,154000000,0,missing
13,Bambang Habibi,Male,+62-819-555-337,Unggul Latupono,Bandar Lampung,824,829,2,156000000,1,
14,Ayu Widiastuti,Female,+62-854-555-288,Damu Hardiansyah,Semarang,390,395,8,219000000,0,rent
15,Utama Pratama,Male,+62-838-555-794,Irnanto Jailani,Surakarta,821,826,4,64000000,1,rent
16,Bajragin Wahyudin,Male,+62-878-555-006,Jais Zulaika,Samarinda,813,818,7,225000000,1,own
17,Gawati Mardhiyah,male,+62-898-555-857,Galang Gunawan,Batu,793,798,5,236000000,1,own
18,Gamblang Safitri,Female,+62-878-555-127,Hardi Winarsih,Ambon,598,603,0,79000000,1,missing
19,Yulia Saputra,,+62-838-555-990,Carla Sitorus,Jakarta Timur,525,530,4,149000000,1,own
20,Qori Hasanah,Female,+62-878-555-539,Yosef Hidayanto,Serang,647,652,10,169000000,0,mortgage
21,Rika Najmudin,Male,+62-898-555-486,Darmanto Namaga,Serang,333,338,2,144000000,1,mortgage
22,Sarah Utami,male,+62-854-555-452,Jefri Anggraini,Mojokerto,638,643,10,141000000,0,
23,Parman Nugroho,Male,+62-899-555-362,Febi Lailasari,Bengkulu,428,433,9,131000000,0,mortgage
24,Bakijan Usada,Male,+62-859-555-459,Hani Hidayanto,Mojokerto,494,499,0,121000000,0,
25,Mutia Puspasari,female,+62-852-555-233,Juli Hutagalung,Serang,756,761,8,168000000,1,missing
26,Mala Simanjuntak,male,+62-898-555-546,Irfan Irawan,Sukabumi,549,554,6,92000000,1,other
27,Gasti Firmansyah,,+62-896-555-833,Ami Budiman,Pare-pare,556,561,0,230000000,0,mortgage
28,Adikara Rahimah,,+62-838-555-317,Hasta Rahayu,Cimahi,326,331,2,191000000,0,own
29,Cahyanto Laksmiwati,Male,+62-838-555-586,Zulaikha Pratama,Bukittinggi,423,428,8,106000000,0,other
30,Kurnia Halimah,Male,+62-856-555-865,Puti Novitasari,Semarang,761,766,0,154000000,1,
31,Nardi Puspasari,Male,+62-852-555-413,Johan Kurniawan,Bontang,331,336,8,182000000,1,other
32,Danuja Permata,male,+62-898-555-276,Malika Mandasari,Tomohon,433,438,5,143000000,0,rent
33,Febi Gunawan,Female,+62-878-555-036,Drajat Megantara,Yogyakarta,720,725,5,107000000,0,own
34,Nugraha Fujiati,Female,+62-859-555-522,Kartika Sitorus,Manado,612,617,0,214000000,0,mortgage
35,Unjani Wulandari,female,+62-878-555-077,Sadina Lazuardi,Cirebon,796,801,8,188000000,1,own
36,Hana Sitorus,Male,+62-838-555-167,Calista Anggraini,Jakarta Selatan,539,544,5,231000000,1,other
37,Lala Sihombing,female,+62-838-555-867,Manah Adriansyah,Tidore Kepulauan,729,734,3,232000000,0,missing
38,Cici Handayani,female,+62-878-555-423,Jarwadi Yulianti,Ternate,664,669,10,74000000,0,other
39,Jaswadi Natsir,male,+62-858-555-135,Rahman Firmansyah,Pangkalpinang,769,774,9,208000000,1,other
40,Oskar Laksita,Female,+62-838-555-143,Estiono Nasyiah,Ambon,559,564,8,38000000,0,other
41,Luthfi Safitri,female,+62-838-555-797,Asmuni Suartini,Palembang,667,672,3,36000000,1,rent
42,Galang Situmorang,,+62-859-555-290,Tiara Laksita,Tual,703,708,1,121000000,1,missing
43,Galur Saputra,,+62-896-555-850,Lalita Novitasari,Solok,357,362,10,97000000,1,rent
44,Shania Oktaviani,female,+62-815-555-138,Irsad Nugroho,Mataram,657,662,1,57000000,0,mortgage
45,Kiandra Dabukke,Male,+62-838-555-998,Latika Nurdiyanti,Pasuruan,466,471,2,88000000,1,other
46,Cinthia Tarihoran,female,+62-811-555-008,Tantri Samosir,Pontianak,677,682,2,142000000,0,mortgage
47,Patricia Anggriawan,Male,+62-838-555-397,Dimas Hutasoit,Balikpapan,594,599,6,147000000,0,rent
48,Opan Najmudin,Male,+62-838-555-204,Ellis Wahyudin,Lhokseumawe,600,605,8,68000000,0,
49,Rachel Laksita,Female,+62-896-555-380,Ilyas Pudjiastuti,Payakumbuh,375,380,6,146000000,1,
50,Queen Marbun,Female,+62-898-555-584,Elon Prabowo,Bogor,557,562,0,94000000,1,other
51,Olga Maryati,Male,+62-878-555-889,Mutia Yulianti,Pagar Alam,531,536,0,122000000,0,other
52,Purwadi Budiman,female,+62-811-555-136,Genta Hutasoit,Jakarta Utara,524,529,2,46000000,0,mortgage
53,Citra Melani,Female,+62-814-555-822,Hartana Latupono,Jakarta Utara,776,781,10,143000000,0,own
54,Marsudi Haryanti,,+62-896-555-787,Titi Oktaviani,Tangerang Selatan,620,625,10,158000000,1,rent
55,Harimurti Wasita,female,+62-858-555-020,Titin Nurdiyanti,Pare-pare,677,682,1,170000000,1,missing
56,Samiah Tamba,Female,+62-852-555-686,Harsana Siregar,Mojokerto,488,493,1,235000000,0,
57,Ifa Wulandari,female,+62-878-555-728,Amalia Mandasari,Jambi,523,528,10,189000000,1,
58,Qori Uyainah,Male,+62-878-555-772,Alika Riyanti,Banjarmasin,746,751,3,192000000,1,other
59,Lalita Firmansyah,Male,+62-811-555-331,Cemani Permadi,Tebing Tinggi,801,806,8,105000000,1,other
60,Eli Wacana,,+62-811-555-982,Virman Siregar,Sawahlunto,352,357,10,40000000,1,missing
61,Sakura Haryanti,,+62-899-555-658,Darijan Lestari,Bandar Lampung,510,515,5,176000000,1,rent
62,Dartono Iswahyudi,Male,+62-818-555-756,Ella Pranowo,Lubuklinggau,611,616,4,45000000,1,
63,Zaenab Pratama,Female,+62-878-555-613,Ida Nasyiah,Batam,690,695,0,145000000,1,own
64,Paramita Halimah,male,+62-897-555-548,Juli Nurdiyanti,Kendari,694,699,0,155000000,0,mortgage
65,Queen Irawan,Male,+62-838-555-968,Teguh Andriani,Bontang,648,653,2,230000000,0,rent
66,Safina Hassanah,Female,+62-878-555-488,Aisyah Fujiati,Surakarta,583,588,9,141000000,1,other
67,Nilam Mahendra,Female,+62-878-555-322,Lasmono Hidayat,Yogyakarta,617,622,2,37000000,1,
68,Cager Usamah,Female,+62-899-555-350,Saiful Anggraini,Palopo,346,351,7,93000000,0,missing
69,Gaman Wibowo,Male,+62-838-555-322,Niyaga Rahimah,Prabumulih,770,775,10,99000000,0,rent
70,Wirda Mandala,male,+62-897-555-712,Wirda Hidayat,Tebing Tinggi,752,757,8,81000000,0,own
71,Sakti Hartati,Female,+62-899-555-248,Cemeti Kuswoyo,Palopo,367,372,10,92000000,0,other
72,Unggul Hassanah,,+62-854-555-947,Melinda Wastuti,Dumai,504,509,10,67000000,0,mortgage
73,Karimah Mandala,male,+62-857-555-674,Dalima Mahendra,Banjar,544,549,4,135000000,1,missing
74,Halima Prabowo,Male,+62-878-555-909,Natalia Aryani,Mataram,803,808,10,88000000,1,mortgage
75,Salimah Prayoga,male,+62-855-555-566,Betania Latupono,Bandung,809,814,7,227000000,1,rent
76,Ade Lailasari,Male,+62-856-555-184,Kani Wahyudin,Sorong,509,514,9,188000000,0,missing
77,Siska Lestari,Female,+62-838-555-644,Asirwanda Rahmawati,Bengkulu,659,664,2,119000000,1,missing
78,Capa Dabukke,male,+62-811-555-056,Makara Rahimah,Madiun,479,484,3,194000000,1,rent
79,Galak Sudiati,Female,+62-899-555-981,Yahya Pradipta,Semarang,548,553,10,130000000,0,
80,Iriana Andriani,female,+62-878-555-475,Mila Fujiati,Cimahi,340,345,8,152000000,0,missing
81,Kemal Wasita,female,+62-897-555-629,Manah Melani,Tual,427,432,8,225000000,1,mortgage
82,Raisa Situmorang,female,+62-899-555-680,Shakila Prayoga,Lubuklinggau,455,460,2,77000000,0,rent
83,Paulin Wulandari,male,+62-898-555-435,Latika Suryatmi,Tanjung Balai,511,516,2,119000000,0,other
84,Marsudi Latupono,Male,+62-811-555-485,Rina Adriansyah,Pekanbaru,391,396,3,188000000,0,rent
85,Belinda Iswahyudi,female,+62-878-555-368,Raden Safitri,Probolinggo,725,730,3,109000000,0,mortgage
86,Maras Rahmawati,female,+62-898-555-684,Makuta Mandasari,Mojokerto,749,754,3,223000000,0,rent
87,Silvia Pratama,Female,+62-857-555-400,Shakila Dabukke,Tarakan,708,713,0,190000000,0,rent
88,Oskar Kusmawati,Female,+62-878-555-633,Among Gunarto,Magelang,485,490,0,195000000,1,mortgage
89,Rendy Santoso,Female,+62-855-555-471,Fitriani Mardhiyah,Depok,309,314,3,179000000,0,mortgage
90,Keisha Yuliarti,Female,+62-899-555-520,Lurhur Hasanah,Sibolga,564,569,3,214000000,1,rent
91,Hafshah Riyanti,Female,+62-838-555-831,Mustika Permata,Bengkulu,527,532,3,85000000,1,missing
92,Mahesa Hartati,,+62-878-555-022,Elma Rajata,Malang,455,460,3,199000000,1,own
93,Vanesa Hassanah,female,+62-815-555-879,Jessica Utami,Metro,490,495,0,42000000,1,own
94,Maimunah Wibowo,,+62-878-555-317,Ibun Fujiati,Sukabumi,451,456,7,137000000,1,mortgage
95,Novi Yuliarti,,+62-838-555-270,Diah Prastuti,Makassar,701,706,0,62000000,1,missing
96,Cakrabirawa Firgantoro,Female,+62-896-555-635,Limar Purwanti,Palembang,835,840,4,71000000,1,other
97,Ciaobella Ardianto,Male,+62-878-555-521,Raden Suryatmi,Jayapura,493,498,0,192000000,1,own
98,Saka Simbolon,,+62-838-555-427,Diana Zulaika,Kotamobagu,759,764,3,60000000,1,other
99,Padma Mulyani,female,+62-896-555-509,Caraka Rahmawati,Depok,793,798,2,104000000,1,rent
100,Ulya Thamrin,Male,+62-812-555-446,Vera Nasyiah,Batam,395,400,7,37000000,1,mortgage
101,Halima Oktaviani,Male,+62-819-555-483,Ira Purnawati,Subulussalam,804,809,7,196000000,0,rent
102,Halim Salahudin,,+62-838-555-751,Embuh Novitasari,Pekalongan,430,435,2,235000000,1,rent
103,Oskar Wibowo,Female,+62-878-555-893,Kusuma Adriansyah,Pekanbaru,775,780,8,120000000,1,
104,Asmianto Tampubolon,,+62-817-555-659,Jarwadi Wijayanti,Gorontalo,673,678,3,44000000,0,own
105,Kartika Prabowo,Male,+62-819-555-908,Galur Ramadan,Mataram,552,557,6,97000000,0,rent
106,Vicky Prastuti,male,+62-878-555-373,Cahyono Andriani,Bekasi,608,613,2,212000000,1,own
107,Karsa Wibisono,Female,+62-878-555-762,Juli Nugroho,Banda Aceh,667,672,0,133000000,1,mortgage
108,Hamima Saefullah,Male,+62-838-555-639,Maria Prasasta,Sungaipenuh,804,809,3,143000000,1,
109,Malika Hasanah,female,+62-899-555-653,Harjasa Agustina,Mataram,593,598,7,137000000,1,own
110,Hasta Pertiwi,Female,+62-852-555-236,Adikara Nainggolan,Bontang,404,409,7,144000000,1,
111,Rosman Melani,Female,+62-852-555-176,Saka Sihombing,Serang,799,804,2,101000000,0,rent
112,Halima Astuti,,+62-856-555-848,Bancar Hutapea,Mojokerto,802,807,10,226000000,1,
113,Kemba Agustina,male,+62-856-555-216,Bakti Narpati,Yogyakarta,321,326,1,172000000,0,other
114,Sarah Nuraini,Male,+62-878-555-094,Maria Waskita,Kupang,836,841,6,107000000,1,rent
115,Elma Puspasari,Male,+62-838-555-667,Jinawi Hutasoit,Palopo,664,669,3,141000000,1,
116,Pangestu Prasetyo,female,+62-838-555-198,Cinta Lestari,Padang Panjang,373,378,0,178000000,0,rent
117,Kenari Prakasa,female,+62-811-555-845,Ana Iswahyudi,Blitar,613,618,1,130000000,0,rent
118,Kenzie Zulkarnain,male,+62-878-555-672,Rina Puspasari,Kotamobagu,511,516,8,218000000,1,
119,Irsad Yolanda,,+62-838-555-183,Setya Latupono,Pematangsiantar,651,656,3,217000000,1,missing
120,Kania Najmudin,Male,+62-878-555-698,Hamima Mandala,Pariaman,439,444,0,70000000,1,own
121,Aurora Oktaviani,,+62-838-555-798,Kawaca Hartati,Batam,815,820,7,234000000,1,mortgage
122,Devi Siregar,Female,+62-854-555-288,Novi Nababan,Sukabumi,632,637,10,109000000,0,mortgage
123,Gaman Wibisono,male,+62-899-555-442,Atmaja Tarihoran,Pangkalpinang,575,580,6,129000000,1,own
124,Ibrahim Melani,Female,+62-878-555-489,Lembah Kusmawati,Sukabumi,735,740,8,73000000,0,mortgage
125,Ciaobella Wastuti,,+62-878-555-715,Marsudi Hutapea,Banjarmasin,796,801,6,226000000,0,missing
126,Arsipatra Latupono,Female,+62-854-555-092,Catur Riyanti,Batu,831,836,3,43000000,0,rent
127,Ajeng Januar,,+62-878-555-608,Kayla Safitri,Lhokseumawe,792,797,7,55000000,1,mortgage
128,Harsanto Utama,female,+62-814-555-309,Yuliana Habibi,Bitung,602,607,9,123000000,0,
129,Jayadi Nuraini,male,+62-838-555-797,Vivi Hastuti,Subulussalam,698,703,6,123000000,0,other
130,Nadine Irawan,Female,+62-897-555-312,Alika Yolanda,Tasikmalaya,354,359,5,110000000,0,
131,Balapati Prayoga,male,+62-859-555-405,Aurora Anggraini,Gunung Sitoli,768,773,7,142000000,1,
132,Sari Nugroho,,+62-896-555-959,Harja Zulaika,Bau-bau,521,526,0,105000000,0,other
133,Jessica Kuswandari,,+62-899-555-683,Edi Winarsih,Madiun,398,403,5,92000000,0,rent
134,Darmaji Mustofa,,+62-897-555-636,Ina Laksmiwati,Jakarta Timur,357,362,2,86000000,1,
135,Lala Farida,female,+62-838-555-608,Eva Maheswara,Tasikmalaya,572,577,5,66000000,1,other
136,Ghaliyati Pudjiastuti,Male,+62-855-555-571,Argono Pranowo,Pematangsiantar,735,740,7,71000000,1,own
137,Amalia Suartini,Male,+62-878-555-581,Prayogo Laksita,Tomohon,431,436,8,179000000,1,missing
138,Intan Wijayanti,female,+62-896-555-661,Nasim Laksita,Balikpapan,700,705,0,130000000,0,missing
139,Jamil Wahyuni,,+62-878-555-226,Jais Yulianti,Medan,698,703,10,108000000,1,own
140,Uli Hassanah,Male,+62-878-555-408,Artanto Palastri,Blitar,713,718,0,150000000,0,missing
141,Edison Winarno,male,+62-814-555-613,Iriana Uwais,Mojokerto,499,504,5,130000000,0,missing
142,Rizki Firgantoro,,+62-838-555-073,Ulva Latupono,Tarakan,681,686,6,125000000,0,rent
143,Puspa Marbun,female,+62-897-555-105,Bahuwarna Suwarno,Sibolga,365,370,5,103000000,0,rent
144,Alika Pudjiastuti,Female,+62-853-555-310,Ami Wahyudin,Metro,581,586,6,214000000,0,other
145,Irwan Pratiwi,male,+62-878-555-800,Nrima Dongoran,Sorong,640,645,6,170000000,0,rent
146,Yulia Puspasari,Female,+62-811-555-340,Sadina Hasanah,Mojokerto,566,571,10,107000000,0,mortgage
147,Asman Astuti,Male,+62-811-555-745,Jamil Sihotang,Bima,712,717,6,74000000,0,
148,Danang Waluyo,Female,+62-838-555-683,Calista Prayoga,Bogor,622,627,8,231000000,1,
149,Zelaya Anggraini,,+62-854-555-361,Wulan Oktaviani,Yogyakarta,660,665,9,93000000,0,own
150,Cahyo Rahimah,,+62-838-555-987,Atma Habibi,Palangka Raya,555,560,2,150000000,1,mortgage
151,Faizah Utami,female,+62-878-555-213,Hairyanto Suryatmi,Subulussalam,765,770,9,196000000,0,
152,Mustika Zulaika,female,+62-838-555-199,Sakti Nasyiah,Sungaipenuh,418,423,2,156000000,0,own
153,Digdaya Manullang,Male,+62-855-555-663,Nabila Latupono,Tidore Kepulauan,821,826,6,50000000,0,rent
154,Lidya Melani,Female,+62-838-555-154,Eja Mulyani,Bukittinggi,754,759,9,148000000,0,
155,Raden Situmorang,male,+62-878-555-776,Darman Wulandari,Gorontalo,802,807,10,59000000,0,own
156,Asmadi Permata,Female,+62-878-555-936,Mursita Haryanto,Mojokerto,490,495,6,130000000,1,rent
157,Alambana Suryatmi,female,+62-838-555-866,Nova Sihotang,Surakarta,580,585,4,120000000,1,mortgage
158,Hartaka Padmasari,,+62-857-555-781,Shania Nababan,Sabang,648,653,0,43000000,1,mortgage
159,Taufik Mandasari,,+62-898-555-301,Amelia Hidayanto,Tangerang Selatan,313,318,9,202000000,0,rent
160,Okta Adriansyah,female,+62-838-555-802,Virman Prakasa,Palu,373,378,7,144000000,1,other
161,Ridwan Hasanah,Female,+62-817-555-488,Jessica Nasyidah,Metro,445,450,10,87000000,0,other
162,Asmianto Samosir,,+62-838-555-028,Zahra Susanti,Medan,462,467,4,92000000,1,other
163,Sarah Tarihoran,Female,+62-859-555-745,Mutia Handayani,Lhokseumawe,357,362,9,164000000,0,mortgage
164,Dirja Siregar,Female,+62-838-555-061,Kemal Hastuti,Bengkulu,743,748,5,76000000,0,own
165,Wawan Iswahyudi,male,+62-878-555-937,Jagapati Yuliarti,Pematangsiantar,537,542,6,172000000,1,
166,Kacung Pudjiastuti,,+62-897-555-478,Okta Tamba,Manado,343,348,10,212000000,1,missing
167,Mahmud Riyanti,male,+62-898-555-916,Mumpuni Saputra,Kediri,469,474,10,60000000,1,missing
168,Nova Najmudin,,+62-812-555-988,Nasim Maulana,Denpasar,493,498,10,157000000,1,mortgage
169,Jarwi Kuswoyo,Male,+62-815-555-200,Puji Aryani,Bukittinggi,608,613,4,131000000,0,mortgage
170,Tami Mulyani,Male,+62-878-555-725,Darimin Oktaviani,Jakarta Utara,594,599,2,131000000,0,mortgage
171,Irnanto Wastuti,Male,+62-878-555-336,Nasim Anggriawan,Denpasar,454,459,2,159000000,1,mortgage
172,Reza Saragih,Female,+62-898-555-134,Zulaikha Fujiati,Dumai,789,794,4,73000000,1,mortgage
173,Maya Waluyo,female,+62-878-555-372,Vega Yuliarti,Jakarta Barat,325,330,4,58000000,1,own
174,Opan Tampubolon,,+62-859-555-078,Vanya Kuswoyo,Tanjung Balai,302,307,2,229000000,0,mortgage
175,Olga Prastuti,,+62-857-555-590,Salman Lazuardi,Dumai,418,423,4,181000000,0,other
176,Mustofa Gunawan,Male,+62-811-555-692,Simon Anggriawan,Sorong,351,356,2,165000000,0,own
177,Daniswara Kuswandari,Female,+62-855-555-188,Marwata Marpaung,Kupang,400,405,3,117000000,0,rent
178,Uchita Kuswoyo,,+62-859-555-586,Respati Handayani,Padang Panjang,703,708,3,154000000,1,own
179,Harsaya Dongoran,male,+62-858-555-459,Umi Situmorang,Solok,575,580,1,45000000,0,rent
180,Estiono Andriani,Male,+62-896-555-588,Viktor Tamba,Lhokseumawe,795,800,3,84000000,1,rent
181,Jaeman Rahimah,female,+62-896-555-601,Bahuraksa Purwanti,Palembang,799,804,2,217000000,0,rent
182,Luis Pratiwi,Male,+62-838-555-115,Ami Laksita,Langsa,717,722,7,97000000,0,other
183,Bakidin Prasetyo,Male,+62-838-555-912,Ira Farida,Padang Panjang,780,785,3,201000000,1,missing
184,Rahmat Januar,Female,+62-859-555-310,Eva Rahayu,Gorontalo,308,313,9,50000000,0,own
185,Paris Mulyani,,+62-819-555-379,Jessica Suartini,Bima,416,421,7,147000000,0,mortgage
186,Upik Kusumo,Female,+62-878-555-980,Lanang Hastuti,Pangkalpinang,513,518,5,38000000,1,rent
187,Chelsea Puspita,male,+62-838-555-986,Maida Tarihoran,Bogor,300,305,6,167000000,1,mortgage
188,Ami Laksita,female,+62-878-555-217,Salman Mansur,Mataram,546,551,6,224000000,0,other
189,Cindy Haryanti,Female,+62-898-555-556,Hartana Nasyidah,Ternate,383,388,9,103000000,1,missing
190,Zaenab Suartini,Female,+62-896-555-983,Nilam Rahmawati,Serang,797,802,0,171000000,1,rent
191,Empluk Pradipta,,+62-813-555-077,Raisa Budiyanto,Gunung Sitoli,805,810,3,87000000,1,
192,Adikara Utami,Male,+62-857-555-079,Hamima Lestari,Pagar Alam,591,596,6,192000000,0,rent
193,Cakrabirawa Nashiruddin,Female,+62-854-555-633,Rafi Padmasari,Banda Aceh,519,524,3,84000000,1,mortgage
194,Oni Samosir,male,+62-838-555-376,Hendri Yuniar,Yogyakarta,348,353,7,163000000,0,rent
195,Banara Lestari,,+62-838-555-029,Lasmono Widiastuti,Manado,528,533,0,36000000,1,rent
196,Parman Maheswara,female,+62-859-555-475,Humaira Novitasari,Makassar,529,534,4,163000000,1,own
197,Paramita Yulianti,Female,+62-815-555-487,Devi Damanik,Palopo,477,482,5,208000000,1,mortgage
198,Emin Maryati,Female,+62-878-555-754,Zizi Gunarto,Pekalongan,700,705,8,164000000,0,missing
199,Ikhsan Lailasari,Male,+62-878-555-550,Hamzah Simbolon,Ternate,671,676,7,48000000,0,other
200,Karsa Wijayanti,female,+62-815-555-862,Anastasia Widiastuti,Kupang,507,512,8,170000000,1,mortgage
201,Wulan Suryatmi,Male,+62-838-555-017,Karman Nasyiah,Cimahi,366,371,8,57000000,1,
202,Hasta Wijayanti,Male,+62-878-555-328,Hilda Rahayu,Bukittinggi,734,739,10,123000000,1,other
203,Omar Manullang,Female,+62-838-555-887,Hasan Sihotang,Pontianak,474,479,5,229000000,1,
204,Daliono Rahimah,Female,+62-898-555-300,Galak Suryatmi,Blitar,685,690,1,46000000,1,mortgage
205,Wani Marpaung,Female,+62-838-555-240,Atma Megantara,Depok,515,520,1,175000000,1,mortgage
206,Daryani Iswahyudi,,+62-878-555-270,Daruna Nasyiah,Pekalongan,573,578,1,102000000,0,own
207,Vicky Januar,female,+62-838-555-947,Faizah Prasasta,Dumai,734,739,0,93000000,0,mortgage
208,Lili Utama,female,+62-878-555-054,Eli Winarno,Bandar Lampung,760,765,0,144000000,1,mortgage
209,Ajiono Usada,male,+62-815-555-314,Edward Agustina,Jambi,352,357,5,171000000,0,
210,Mala Lestari,Male,+62-838-555-722,Siti Usada,Payakumbuh,302,307,9,106000000,0,rent
211,Julia Lazuardi,,+62-817-555-303,Wardaya Natsir,Pare-pare,546,551,8,94000000,0,
212,Septi Tamba,female,+62-838-555-439,Ade Wijayanti,Palembang,525,530,1,39000000,0,own
213,Ina Widodo,female,+62-838-555-010,Teguh Rahayu,Denpasar,414,419,4,152000000,0,own
214,Tania Tampubolon,Male,+62-817-555-864,Diana Laksita,Tebing Tinggi,628,633,6,158000000,0,mortgage
215,Kania Prakasa,Male,+62-899-555-726,Gawati Yuniar,Pasuruan,372,377,4,60000000,1,own
216,Olivia Mandala,Male,+62-838-555-186,Ophelia Natsir,Lubuklinggau,459,464,4,229000000,0,other
217,Teguh Puspita,Male,+62-878-555-483,Dian Suryatmi,Probolinggo,346,351,6,103000000,1,rent
218,Alika Rahimah,Female,+62-819-555-126,Mulyono Sihombing,Mataram,599,604,7,118000000,0,
219,Latika Uyainah,female,+62-813-555-633,Cayadi Maulana,Pasuruan,784,789,9,42000000,1,missing
220,Gamani Napitupulu,male,+62-899-555-620,Chelsea Utama,Padang Panjang,411,416,1,124000000,0,other
221,Gawati Hutagalung,Male,+62-896-555-381,Asmadi Prasetyo,Langsa,374,379,5,161000000,1,missing
222,Karen Pertiwi,male,+62-818-555-943,Lalita Saefullah,Payakumbuh,742,747,8,99000000,1,own
223,Keisha Mardhiyah,,+62-899-555-282,Bakijan Laksita,Kediri,570,575,1,229000000,0,mortgage
224,Rina Puspita,Male,+62-853-555-445,Samiah Santoso,Lhokseumawe,793,798,4,145000000,0,own
225,Sidiq Megantara,Male,+62-838-555-172,Putri Waskita,Bandung,747,752,1,196000000,1,
226,Halima Uyainah,Male,+62-896-555-603,Ika Gunarto,Samarinda,453,458,10,169000000,0,mortgage
227,Karja Utama,male,+62-818-555-742,Darman Rahayu,Jakarta Selatan,530,535,3,158000000,0,
228,Uli Kusmawati,,+62-838-555-492,Jessica Purnawati,Kotamobagu,452,457,2,147000000,1,
229,Cinta Mangunsong,male,+62-816-555-200,Rachel Mahendra,Bandar Lampung,562,567,4,112000000,0,mortgage
230,Jarwadi Budiyanto,,+62-854-555-876,Opung Firgantoro,Banjarmasin,376,381,2,68000000,0,mortgage
231,Julia Wahyuni,,+62-899-555-380,Titi Siregar,Pare-pare,462,467,7,200000000,0,rent
232,Kartika Pratama,male,+62-878-555-812,Saiful Riyanti,Serang,729,734,9,61000000,0,mortgage
233,Kairav Hutagalung,female,+62-838-555-575,Fathonah Wasita,Sungaipenuh,722,727,0,155000000,0,rent
234,Opung Suryono,male,+62-878-555-631,Ganda Salahudin,Tual,472,477,7,95000000,0,rent
235,Joko Marbun,Female,+62-838-555-258,Nilam Pradipta,Dumai,766,771,8,173000000,1,rent
236,Rina Safitri,,+62-838-555-105,Amelia Mayasari,Madiun,600,605,3,80000000,0,other
237,Karsana Usada,,+62-857-555-027,Jaswadi Wijaya,Salatiga,518,523,3,209000000,0,
238,Jefri Saputra,male,+62-838-555-282,Yani Prasetya,Padang Sidempuan,380,385,3,164000000,0,other
239,Puji Nasyidah,Male,+62-812-555-873,Tira Novitasari,Jambi,825,830,2,168000000,1,rent
240,Paiman Puspita,male,+62-811-555-922,Kairav Wacana,Balikpapan,811,816,6,198000000,0,rent
241,Viman Nasyiah,Male,+62-855-555-911,Bahuwirya Rahayu,Batu,716,721,9,146000000,0,missing
242,Cahyadi Natsir,male,+62-838-555-102,Puti Purwanti,Mojokerto,496,501,6,94000000,1,missing
243,Aris Lailasari,,+62-878-555-553,Lanjar Permata,Bau-bau,845,850,6,46000000,0,mortgage
244,Wahyu Sinaga,male,+62-858-555-930,Mutia Hidayat,Tual,651,656,5,152000000,1,
245,Daniswara Santoso,male,+62-897-555-897,Cawisadi Kuswandari,Cimahi,697,702,9,74000000,0,other
246,Prayogo Mayasari,male,+62-899-555-109,Nabila Ardianto,Pasuruan,815,820,8,111000000,0,
247,Putu Jailani,female,+62-858-555-119,Ratna Pranowo,Ambon,503,508,5,87000000,0,other
248,Indah Hariyah,,+62-878-555-199,Cinta Astuti,Medan,320,325,7,73000000,1,rent
249,Tira Putra,,+62-838-555-623,Emong Sinaga,Pekalongan,791,796,5,208000000,0,missing
250,Patricia Manullang,male,+62-858-555-938,Michelle Sihotang,Jayapura,580,585,6,204000000,1,other
251,Mariadi Mansur,,+62-853-555-663,Julia Nurdiyanti,Cilegon,693,698,6,92000000,0,missing
252,Opan Andriani,Female,+62-838-555-750,Kania Handayani,Semarang,699,704,7,111000000,1,rent
253,Estiono Nugroho,,+62-816-555-557,Darimin Halimah,Sorong,775,780,2,91000000,1,missing
254,Faizah Budiman,female,+62-858-555-308,Vivi Yuniar,Tegal,825,830,1,144000000,1,mortgage
255,Syahrini Ardianto,Male,+62-899-555-880,Chelsea Simanjuntak,Solok,670,675,5,111000000,0,
256,Lanang Pratiwi,,+62-812-555-174,Ridwan Usada,Balikpapan,820,825,5,129000000,0,other
257,Ratna Saefullah,,+62-838-555-624,Narji Purwanti,Pangkalpinang,445,450,7,214000000,1,missing
258,Dina Puspasari,Female,+62-897-555-087,Gada Maryati,Binjai,450,455,2,88000000,1,other
259,Ratna Megantara,Male,+62-878-555-749,Luwar Yuniar,Depok,344,349,3,80000000,0,mortgage
260,Bagya Mulyani,male,+62-813-555-058,Padmi Mayasari,Denpasar,798,803,6,161000000,1,missing
261,Caket Prayoga,Female,+62-878-555-602,Farah Oktaviani,Depok,302,307,10,139000000,1,missing
262,Siti Habibi,,+62-857-555-047,Makara Siregar,Bontang,452,457,1,144000000,1,mortgage
263,Cornelia Pertiwi,female,+62-859-555-408,Najwa Hakim,Pangkalpinang,637,642,5,85000000,0,other
264,Kamila Rahimah,female,+62-853-555-962,Maya Hidayat,Singkawang,684,689,8,240000000,1,
265,Cindy Pratama,Female,+62-878-555-641,Upik Permadi,Padang,651,656,2,76000000,1,
266,Aurora Budiyanto,Male,+62-818-555-932,Martaka Tampubolon,Denpasar,537,542,8,78000000,0,missing
267,Padma Puspasari,male,+62-838-555-228,Padma Irawan,Tarakan,463,468,1,207000000,0,own
268,Lasmono Prasasta,,+62-817-555-182,Intan Hastuti,Surakarta,728,733,1,65000000,1,rent
269,Mustika Pudjiastuti,female,+62-838-555-431,Artawan Laksita,Sorong,453,458,10,194000000,1,own
270,Hasan Marpaung,male,+62-852-555-344,Narji Yuliarti,Surabaya,566,571,7,159000000,1,rent
271,Lasmono Marbun,female,+62-812-555-779,Prasetyo Pratama,Surabaya,569,574,6,129000000,1,rent
272,Rafi Hastuti,Male,+62-878-555-138,Ayu Prakasa,Jakarta Timur,746,751,2,192000000,1,rent
273,Hasna Mayasari,male,+62-859-555-751,Arta Latupono,Cirebon,304,309,3,91000000,0,own
274,Queen Zulkarnain,female,+62-852-555-753,Safina Firgantoro,Tangerang,410,415,3,175000000,0,mortgage
275,Puput Yulianti,,+62-817-555-984,Makara Handayani,Palangka Raya,840,845,8,152000000,0,missing
276,Putri Hariyah,male,+62-878-555-016,Cinta Anggriawan,Tegal,348,353,1,166000000,1,own
277,Gamblang Haryanto,,+62-838-555-435,Laras Thamrin,Lubuklinggau,508,513,5,159000000,0,other
278,Upik Natsir,male,+62-852-555-280,Dalima Prasetya,Jambi,525,530,5,45000000,0,own
279,Genta Namaga,Female,+62-838-555-614,Hardana Purwanti,Tomohon,488,493,9,85000000,1,missing
280,Wulan Rahayu,Male,+62-838-555-532,Sakura Safitri,Kediri,433,438,8,175000000,0,other
281,Aswani Budiman,Female,+62-813-555-199,Farhunnisa Gunawan,Sibolga,498,503,1,179000000,1,mortgage
282,Lanang Nababan,,+62-897-555-813,Jarwadi Nasyiah,Padang Panjang,634,639,0,84000000,0,own
283,Wahyu Halimah,female,+62-878-555-598,Maimunah Nuraini,Tual,549,554,0,69000000,1,other
284,Cornelia Najmudin,Female,+62-897-555-380,Yusuf Wulandari,Makassar,623,628,4,120000000,1,own
285,Kartika Rajata,Male,+62-878-555-730,Darsirah Damanik,Mojokerto,497,502,1,142000000,0,rent
286,Putri Mandasari,male,+62-815-555-895,Dadap Kusmawati,Sabang,807,812,5,41000000,0,
287,Lintang Oktaviani,,+62-878-555-537,Rosman Waluyo,Mataram,719,724,1,119000000,0,other
288,Fathonah Rajata,Male,+62-898-555-904,Ade Latupono,Jakarta Pusat,445,450,0,216000000,0,
289,Melinda Latupono,male,+62-838-555-120,Hesti Kuswoyo,Madiun,332,337,9,135000000,0,rent
290,Tira Wahyudin,female,+62-857-555-198,Luwar Marbun,Denpasar,792,797,6,230000000,0,
291,Yessi Samosir,,+62-819-555-302,Ani Uwais,Bekasi,756,761,8,91000000,1,own
292,Nadia Widiastuti,,+62-812-555-379,Puput Prabowo,Palangka Raya,477,482,9,52000000,1,other
293,Puji Oktaviani,,+62-815-555-444,Nilam Januar,Banjarbaru,585,590,8,230000000,1,missing
294,Jumadi Winarsih,,+62-899-555-953,Laila Wacana,Dumai,639,644,3,64000000,0,
295,Pangeran Riyanti,female,+62-817-555-255,Jais Hidayanto,Gunung Sitoli,309,314,7,201000000,1,own
296,Mustika Saragih,Female,+62-878-555-987,Cakrabirawa Namaga,Pontianak,662,667,4,195000000,0,missing
297,Jayadi Hasanah,,+62-897-555-316,Bakiono Pudjiastuti,Tasikmalaya,703,708,0,40000000,1,mortgage
298,Cakrawala Zulaika,Female,+62-878-555-924,Balijan Widiastuti,Tidore Kepulauan,811,816,8,95000000,1,mortgage
299,Farhunnisa Laksmiwati,female,+62-852-555-655,Zulfa Kuswandari,Pematangsiantar,397,402,7,105000000,1,missing
300,Hasan Tampubolon,male,+62-817-555-737,Reza Mangunsong,Payakumbuh,687,692,5,68000000,1,
301,Rina Dongoran,female,+62-896-555-851,Malik Usamah,Binjai,651,656,9,118000000,1,rent
302,Gatot Manullang,Male,+62-899-555-808,Malik Prayoga,Kotamobagu,489,494,9,201000000,0,mortgage
303,Purwa Rahimah,Male,+62-898-555-241,Yessi Prastuti,Surabaya,752,757,0,112000000,0,missing
304,Uli Pradipta,Male,+62-838-555-529,Wasis Permata,Ambon,567,572,2,223000000,1,own
305,Ajeng Anggriawan,Female,+62-838-555-013,Betania Wastuti,Banda Aceh,733,738,6,65000000,0,other
306,Edison Safitri,male,+62-857-555-268,Kasim Lailasari,Singkawang,841,846,9,204000000,1,
307,Rama Agustina,Male,+62-898-555-370,Aurora Nasyidah,Sukabumi,540,545,6,238000000,0,rent
308,Teddy Safitri,,+62-878-555-582,Makara Latupono,Dumai,405,410,8,232000000,0,mortgage
309,Embuh Rajata,,+62-854-555-870,Soleh Habibi,Kediri,382,387,10,58000000,0,rent
310,Sarah Mansur,,+62-819-555-387,Makara Nashiruddin,Makassar,706,711,7,155000000,1,other
311,Warsita Pradipta,Female,+62-816-555-176,Widya Widodo,Bima,473,478,6,76000000,1,other
312,Eva Winarsih,Male,+62-853-555-893,Natalia Yuniar,Yogyakarta,349,354,7,51000000,1,missing
313,Prasetyo Kuswandari,male,+62-854-555-212,Tasnim Wahyuni,Lubuklinggau,837,842,0,197000000,1,missing
314,Gasti Pranowo,Male,+62-819-555-764,Bakijan Firmansyah,Padang,379,384,8,88000000,1,own
315,Siti Wastuti,Male,+62-898-555-776,Rudi Hidayanto,Bandar Lampung,392,397,9,38000000,0,
316,Gatot Firmansyah,female,+62-878-555-866,Syahrini Nugroho,Banjarbaru,485,490,9,181000000,1,missing
317,Zizi Yuniar,female,+62-838-555-351,Mujur Susanti,Pare-pare,775,780,9,199000000,1,other
318,Gina Usada,Female,+62-878-555-427,Bahuraksa Wulandari,Banda Aceh,832,837,0,62000000,0,
319,Garan Wahyuni,male,+62-838-555-791,Zelaya Marbun,Sibolga,556,561,10,81000000,0,
320,Sabrina Lestari,,+62-878-555-754,Talia Prastuti,Denpasar,455,460,8,190000000,1,own
321,Rini Anggraini,Male,+62-878-555-708,Bella Suartini,Pasuruan,492,497,2,49000000,1,mortgage
322,Yulia Wacana,Male,+62-838-555-065,Darijan Marpaung,Tangerang,406,411,2,213000000,1,other
323,Kadir Rahimah,male,+62-852-555-376,Harsaya Manullang,Jayapura,531,536,8,82000000,1,own
324,Malik Usamah,male,+62-811-555-264,Mulyanto Nurdiyanti,Cilegon,716,721,0,230000000,1,mortgage
325,Rosman Hardiansyah,Female,+62-898-555-551,Laksana Marpaung,Mojokerto,800,805,6,181000000,1,other
326,Raden Zulkarnain,Male,+62-878-555-822,Zamira Saptono,Jakarta Timur,744,749,8,53000000,0,
327,Tari Nainggolan,female,+62-838-555-535,Iriana Nasyiah,Bandar Lampung,400,405,8,150000000,1,missing
328,Iriana Simanjuntak,male,+62-896-555-792,Zelda Haryanti,Pagar Alam,339,344,1,135000000,1,
329,Wira Tamba,male,+62-857-555-102,Prasetyo Maryati,Denpasar,625,630,4,182000000,1,own
330,Rini Haryanto,female,+62-815-555-487,Cahyo Winarno,Gorontalo,486,491,4,68000000,1,mortgage
331,Iriana Lazuardi,female,+62-899-555-303,Cahyanto Mangunsong,Sorong,511,516,7,45000000,1,mortgage
332,Jefri Zulkarnain,,+62-899-555-366,Lulut Kusmawati,Sabang,805,810,3,42000000,0,other
333,Taufik Purnawati,,+62-878-555-636,Kenes Sitompul,Bau-bau,612,617,7,125000000,0,
334,Vanya Halimah,Female,+62-896-555-276,Zamira Utami,Subulussalam,525,530,9,177000000,1,
335,Heryanto Setiawan,male,+62-899-555-066,Rahman Hidayat,Malang,497,502,9,76000000,0,missing
336,Mila Agustina,female,+62-838-555-385,Rahmi Suwarno,Cirebon,639,644,2,108000000,1,missing
337,Ulva Hasanah,,+62-838-555-279,Respati Andriani,Banjar,680,685,9,211000000,1,rent
338,Emil Natsir,,+62-853-555-318,Azalea Rahimah,Cirebon,323,328,6,90000000,1,
339,Jamalia Halimah,Female,+62-857-555-200,Lanang Pudjiastuti,Bogor,562,567,10,168000000,1,missing
340,Nugraha Yulianti,,+62-878-555-684,Puput Wasita,Kediri,661,666,2,60000000,0,mortgage
341,Lintang Budiman,Male,+62-815-555-066,Jail Megantara,Padang Sidempuan,339,344,0,73000000,0,
342,Puspa Widodo,female,+62-898-555-293,Hani Lestari,Bontang,744,749,6,97000000,1,rent
343,Rika Firmansyah,female,+62-898-555-857,Surya Mardhiyah,Sibolga,563,568,7,178000000,0,
344,Hani Agustina,Female,+62-855-555-511,Aswani Megantara,Solok,819,824,0,117000000,0,own
345,Citra Susanti,,+62-878-555-662,Harjaya Sitorus,Blitar,642,647,8,223000000,1,other
346,Nilam Yolanda,female,+62-899-555-438,Artawan Mulyani,Bitung,681,686,7,169000000,0,rent
347,Lala Widiastuti,,+62-855-555-405,Garda Hasanah,Metro,301,306,1,95000000,1,own
348,Ratna Latupono,female,+62-896-555-798,Pranata Wibisono,Gunung Sitoli,359,364,10,217000000,1,missing
349,Rizki Maheswara,male,+62-852-555-893,Putri Wahyudin,Banda Aceh,342,347,5,47000000,1,mortgage
350,Ibrani Kusmawati,female,+62-897-555-020,Edison Ardianto,Madiun,379,384,4,166000000,0,
351,Titin Situmorang,female,+62-815-555-855,Galak Agustina,Sorong,442,447,0,185000000,1,missing
352,Dodo Nuraini,Female,+62-813-555-157,Tiara Firmansyah,Padang Panjang,621,626,6,127000000,0,other
353,Kezia Oktaviani,Male,+62-898-555-584,Hendra Napitupulu,Bima,625,630,2,238000000,1,other
354,Eka Dabukke,Male,+62-896-555-915,Ifa Lestari,Solok,385,390,9,206000000,1,missing
355,Zahra Suryono,female,+62-815-555-029,Anita Namaga,Tebing Tinggi,644,649,2,149000000,0,
356,Halim Hasanah,female,+62-878-555-912,Lintang Widodo,Gorontalo,638,643,1,144000000,1,other
357,Patricia Suartini,female,+62-855-555-991,Fitria Yuliarti,Tarakan,553,558,6,220000000,0,rent
358,Lalita Yulianti,,+62-812-555-813,Among Mansur,Bekasi,389,394,1,113000000,0,other
359,Adinata Mulyani,male,+62-817-555-864,Febi Najmudin,Banda Aceh,427,432,3,182000000,1,
360,Kayla Mulyani,Female,+62-855-555-663,Mila Andriani,Gunung Sitoli,798,803,6,88000000,1,own
361,Legawa Halimah,male,+62-838-555-916,Wani Rahayu,Jakarta Barat,743,748,1,211000000,0,mortgage
362,Rudi Zulaika,female,+62-815-555-511,Wulan Farida,Gunung Sitoli,772,777,5,125000000,0,other
363,Tugiman Natsir,,+62-838-555-349,Mila Hidayat,Bima,548,553,1,184000000,0,missing
364,Sabrina Widodo,Female,+62-855-555-885,Ajimin Habibi,Jakarta Barat,380,385,5,132000000,1,rent
365,Banawa Rahimah,female,+62-855-555-240,Martana Suwarno,Pagar Alam,448,453,0,148000000,1,missing
366,Caturangga Prakasa,female,+62-838-555-041,Yuni Hariyah,Jayapura,768,773,1,68000000,0,mortgage
367,Rahmi Prasetyo,Female,+62-852-555-305,Putri Yuliarti,Singkawang,460,465,0,126000000,0,mortgage
368,Gasti Astuti,,+62-897-555-301,Padmi Namaga,Gunung Sitoli,650,655,0,195000000,0,missing
369,Diah Hartati,male,+62-815-555-555,Surya Yulianti,Denpasar,523,528,0,224000000,1,own
370,Karimah Waluyo,,+62-878-555-980,Dalima Sihombing,Tarakan,754,759,5,126000000,0,own
371,Zulaikha Novitasari,Male,+62-878-555-919,Kairav Pratama,Solok,796,801,8,234000000,0,mortgage
372,Ajiono Hariyah,Male,+62-815-555-019,Mahfud Zulkarnain,Malang,760,765,4,170000000,0,
373,Alika Santoso,,+62-817-555-311,Indra Hasanah,Bengkulu,726,731,5,56000000,0,other
374,Ajimin Hardiansyah,,+62-838-555-006,Hafshah Hutagalung,Cimahi,441,446,8,142000000,1,other
375,Lantar Permadi,Male,+62-859-555-159,Cahyo Simanjuntak,Palopo,325,330,10,129000000,0,mortgage
376,Narji Astuti,,+62-811-555-415,Dacin Safitri,Pematangsiantar,415,420,5,96000000,1,missing
377,Cecep Sitorus,Male,+62-896-555-646,Putri Siregar,Pematangsiantar,445,450,7,218000000,1,rent
378,Betania Sudiati,female,+62-838-555-596,Galih Sinaga,Sungaipenuh,349,354,2,239000000,0,own
379,Rudi Irawan,female,+62-878-555-406,Jayadi Agustina,Makassar,694,699,5,82000000,1,
380,Hasim Anggriawan,Female,+62-897-555-764,Salimah Halimah,Tebing Tinggi,363,368,10,75000000,0,own
381,Oliva Pudjiastuti,Male,+62-855-555-838,Gangsa Padmasari,Makassar,464,469,1,101000000,1,
382,Jarwadi Widiastuti,female,+62-858-555-923,Gangsar Pradipta,Banjarbaru,730,735,0,141000000,0,mortgage
383,Salimah Mansur,,+62-819-555-271,Balapati Rajata,Salatiga,662,667,2,91000000,1,mortgage
384,Ifa Hariyah,Male,+62-878-555-718,Mila Manullang,Tebing Tinggi,682,687,6,195000000,1,missing
385,Anastasia Napitupulu,female,+62-897-555-024,Hani Pradana,Palu,393,398,9,212000000,1,mortgage
386,Aris Rajasa,Female,+62-896-555-996,Luthfi Utama,Surakarta,745,750,7,154000000,0,
387,Mumpuni Andriani,Female,+62-898-555-591,Tasnim Situmorang,Tegal,807,812,7,144000000,1,own
388,Kuncara Simanjuntak,female,+62-814-555-186,Samiah Rajasa,Surakarta,765,770,8,102000000,1,missing
389,Rahmi Nugroho,Female,+62-898-555-251,Intan Purwanti,Tasikmalaya,804,809,7,93000000,0,
390,Nova Rahmawati,Male,+62-856-555-846,Septi Usada,Magelang,721,726,0,128000000,1,
391,Kamal Sinaga,Male,+62-838-555-809,Julia Sihombing,Salatiga,583,588,3,71000000,1,mortgage
392,Farhunnisa Padmasari,Female,+62-816-555-712,Maya Puspasari,Sawahlunto,759,764,2,122000000,0,missing
393,Febi Saptono,male,+62-838-555-735,Kezia Kuswandari,Bitung,673,678,6,51000000,0,missing
394,Gabriella Handayani,Female,+62-856-555-794,Yosef Zulaika,Gorontalo,708,713,1,98000000,0,own
395,Yani Padmasari,Female,+62-838-555-430,Rendy Sudiati,Balikpapan,628,633,7,44000000,0,other
396,Zalindra Waluyo,male,+62-838-555-307,Atmaja Gunarto,Jakarta Selatan,798,803,9,43000000,0,
397,Rachel Uyainah,female,+62-897-555-813,Azalea Andriani,Balikpapan,427,432,10,140000000,0,other
398,Gading Suartini,,+62-838-555-267,Sarah Handayani,Sungaipenuh,507,512,6,226000000,1,mortgage
399,Daliman Mahendra,,+62-898-555-709,Paramita Andriani,Bukittinggi,476,481,9,219000000,1,
400,Eman Yuniar,Female,+62-898-555-137,Cinthia Aryani,Banjarbaru,718,723,1,41000000,0,missing
401,Prasetya Sitompul,,+62-856-555-016,Rendy Prasetyo,Tanjung Pinang,756,761,4,192000000,1,missing
402,Violet Dongoran,female,+62-858-555-163,Prakosa Hastuti,Ambon,660,665,6,81000000,0,own
403,Queen Hasanah,Female,+62-897-555-375,Paiman Safitri,Palangka Raya,571,576,10,178000000,1,other
404,Arta Ardianto,Female,+62-859-555-761,Nasab Habibi,Cirebon,712,717,9,93000000,0,
405,Kasiyah Wijayanti,,+62-838-555-079,Rahayu Yolanda,Kotamobagu,642,647,9,109000000,1,mortgage
406,Ophelia Wasita,Male,+62-878-555-722,Irma Widodo,Semarang,617,622,4,115000000,1,other
407,Tedi Najmudin,,+62-856-555-553,Gamblang Rahayu,Jakarta Timur,305,310,1,179000000,0,other
408,Rafi Anggriawan,,+62-878-555-331,Maya Kusmawati,Batu,470,475,4,170000000,0,missing
409,Puspa Saputra,,+62-818-555-975,Jelita Hariyah,Sorong,784,789,1,51000000,1,rent
410,Rangga Puspasari,Male,+62-899-555-734,Jatmiko Wasita,Palembang,653,658,4,57000000,1,missing
411,Putri Yuniar,female,+62-838-555-398,Galuh Sihotang,Tarakan,797,802,9,133000000,1,
412,Artawan Hutasoit,Female,+62-813-555-412,Janet Suartini,Malang,769,774,9,172000000,1,other
413,Violet Purwanti,,+62-815-555-192,Eva Nugroho,Palembang,419,424,10,118000000,0,rent
414,Viktor Handayani,Female,+62-897-555-013,Lanang Nasyidah,Pagar Alam,453,458,1,108000000,0,own
415,Daruna Nugroho,Female,+62-814-555-322,Empluk Mustofa,Binjai,656,661,4,193000000,1,missing
416,Laila Januar,Female,+62-815-555-284,Utama Hariyah,Jakarta Selatan,725,730,1,160000000,0,
417,Calista Kuswandari,female,+62-878-555-844,Imam Firgantoro,Pangkalpinang,358,363,7,94000000,1,
418,Nurul Suartini,Male,+62-878-555-004,Oliva Suryono,Palu,359,364,4,166000000,1,missing
419,Purwa Novitasari,Female,+62-857-555-916,Elvin Rajata,Tomohon,534,539,9,212000000,1,missing
420,Uli Habibi,female,+62-838-555-806,Lukman Padmasari,Padang Panjang,756,761,3,158000000,0,
421,Sakura Rahimah,Female,+62-878-555-626,Luluh Rahmawati,Tegal,563,568,9,197000000,1,missing
422,Dian Permata,Female,+62-838-555-572,Bajragin Pertiwi,Bau-bau,838,843,3,172000000,1,rent
423,Lidya Hasanah,female,+62-878-555-591,Rahman Usamah,Bima,768,773,1,84000000,1,own
424,Suci Halimah,Female,+62-878-555-735,Diah Simanjuntak,Prabumulih,414,419,7,97000000,0,other
425,Carla Maryati,Female,+62-897-555-846,Karman Wijayanti,Sungaipenuh,333,338,1,82000000,1,mortgage
426,Bella Wijayanti,female,+62-897-555-333,Olivia Melani,Gunung Sitoli,384,389,10,103000000,0,rent
427,Tantri Winarsih,Female,+62-853-555-909,Winda Laksmiwati,Solok,466,471,6,169000000,0,other
428,Cemani Pertiwi,,+62-838-555-283,Hilda Nasyiah,Bengkulu,434,439,4,36000000,1,
429,Uli Wahyuni,female,+62-838-555-553,Ophelia Nuraini,Sukabumi,363,368,7,44000000,0,own
430,Tina Siregar,male,+62-838-555-358,Shakila Saragih,Bengkulu,705,710,1,185000000,0,other
431,Indah Adriansyah,male,+62-838-555-474,Aisyah Wastuti,Sibolga,310,315,1,70000000,1,own
432,Parman Hassanah,Female,+62-815-555-925,Iriana Mulyani,Dumai,736,741,1,44000000,0,missing
433,Suci Firmansyah,male,+62-838-555-204,Jaswadi Novitasari,Tangerang,469,474,8,75000000,0,rent
434,Pranata Pranowo,Male,+62-812-555-863,Bala Lazuardi,Sungaipenuh,403,408,9,184000000,1,missing
435,Gara Jailani,Female,+62-853-555-920,Maryanto Mandala,Pekalongan,646,651,2,172000000,1,rent
436,Cindy Ramadan,male,+62-897-555-111,Jarwa Anggraini,Kotamobagu,765,770,4,207000000,1,rent
437,Viman Rajasa,Female,+62-878-555-138,Vanesa Purnawati,Bontang,364,369,2,211000000,1,missing
438,Aslijan Simbolon,,+62-816-555-295,Balangga Namaga,Palangka Raya,365,370,0,151000000,0,own
439,Julia Dongoran,female,+62-813-555-983,Icha Wastuti,Bima,693,698,6,116000000,1,mortgage
440,Malika Manullang,female,+62-878-555-814,Wahyu Rahimah,Binjai,333,338,1,67000000,1,other
441,Cemani Gunarto,male,+62-838-555-671,Fitria Suartini,Palembang,681,686,3,135000000,1,mortgage
442,Padma Haryanto,Female,+62-812-555-750,Oni Iswahyudi,Bima,819,824,9,188000000,0,rent
443,Sabri Gunarto,female,+62-859-555-839,Dariati Wijayanti,Pekanbaru,563,568,5,134000000,1,mortgage
444,Galiono Wibisono,female,+62-817-555-126,Kamila Andriani,Solok,450,455,5,41000000,0,missing
445,Luluh Winarsih,Male,+62-896-555-919,Maida Pratama,Bekasi,560,565,2,76000000,1,rent
446,Titin Suryatmi,male,+62-856-555-199,Endah Mandala,Payakumbuh,761,766,8,155000000,1,own
447,Opan Sirait,Female,+62-853-555-537,Kania Novitasari,Jakarta Timur,684,689,5,53000000,1,own
448,Padma Nasyiah,,+62-814-555-241,Yance Prayoga,Tegal,446,451,1,159000000,0,own
449,Olivia Usada,Male,+62-878-555-931,Faizah Fujiati,Bima,526,531,1,53000000,1,
450,Tania Agustina,male,+62-818-555-199,Opung Agustina,Solok,593,598,3,189000000,0,own
451,Titi Kuswandari,Female,+62-812-555-183,Dinda Mandasari,Yogyakarta,724,729,5,109000000,0,mortgage
452,Garan Hartati,Female,+62-898-555-951,Cemplunk Nasyiah,Subulussalam,664,669,7,126000000,1,own
453,Kusuma Farida,Male,+62-878-555-959,Gara Prasasta,Padang Sidempuan,604,609,5,173000000,1,other
454,Dalima Pratama,female,+62-853-555-078,Najwa Wulandari,Yogyakarta,438,443,3,182000000,1,
455,Tasnim Hutapea,Male,+62-838-555-662,Mumpuni Kuswandari,Manado,813,818,2,83000000,1,missing
456,Laswi Padmasari,,+62-878-555-203,Ibun Hariyah,Tangerang,766,771,4,105000000,1,missing
457,Saiful Namaga,Female,+62-813-555-914,Surya Mulyani,Tegal,563,568,9,194000000,0,missing
458,Praba Tampubolon,Male,+62-856-555-873,Ade Uyainah,Makassar,519,524,0,196000000,1,
459,Marwata Sihombing,Female,+62-855-555-877,Rina Megantara,Pekalongan,662,667,7,67000000,1,missing
460,Yono Mustofa,Male,+62-897-555-217,Mutia Prasetyo,Bandung,336,341,9,199000000,1,mortgage
461,Tasdik Palastri,Female,+62-817-555-979,Oskar Najmudin,Pangkalpinang,356,361,8,85000000,1,missing
462,Umaya Puspasari,Male,+62-838-555-774,Adikara Pradipta,Gorontalo,398,403,4,137000000,0,other
463,Dewi Aryani,Female,+62-855-555-460,Nadia Hasanah,Kendari,477,482,8,211000000,0,other
464,Liman Oktaviani,male,+62-811-555-223,Adika Nurdiyanti,Pariaman,554,559,0,175000000,0,other
465,Cinthia Marpaung,male,+62-838-555-021,Titin Yolanda,Subulussalam,367,372,7,120000000,1,
466,Prabawa Utama,,+62-896-555-279,Raditya Sirait,Blitar,499,504,8,136000000,1,own
467,Chandra Sihombing,,+62-898-555-056,Sabar Farida,Padang,529,534,9,130000000,1,other
468,Digdaya Oktaviani,Female,+62-856-555-302,Vanesa Putra,Binjai,613,618,9,123000000,1,
469,Siti Hakim,male,+62-854-555-206,Mumpuni Siregar,Sawahlunto,480,485,4,48000000,1,rent
470,Rahmi Megantara,Male,+62-838-555-905,Dariati Prasetyo,Banjarbaru,495,500,1,181000000,1,rent
471,Ibrani Nasyiah,male,+62-838-555-291,Janet Kuswandari,Pare-pare,741,746,6,155000000,0,missing
472,Puput Sudiati,male,+62-896-555-545,Sarah Prasetya,Bogor,820,825,5,159000000,0,rent
473,Latif Yulianti,Female,+62-838-555-604,Farhunnisa Nugroho,Denpasar,829,834,2,121000000,0,mortgage
474,Kasiyah Sirait,male,+62-896-555-114,Ihsan Hidayanto,Pariaman,313,318,6,159000000,0,mortgage
475,Margana Maulana,Female,+62-838-555-151,Ami Laksmiwati,Banjar,327,332,0,156000000,0,mortgage
476,Gadang Uyainah,Male,+62-878-555-794,Jamal Susanti,Bukittinggi,708,713,0,101000000,0,
477,Hesti Laksmiwati,Male,+62-814-555-945,Darman Suartini,Cimahi,598,603,2,201000000,1,own
478,Rafid Budiman,,+62-878-555-235,Kartika Permata,Prabumulih,459,464,1,192000000,0,other
479,Erik Agustina,,+62-878-555-783,Carla Halim,Tomohon,537,542,10,193000000,1,rent
480,Chelsea Haryanti,,+62-899-555-875,Among Kuswoyo,Pariaman,405,410,5,173000000,1,
481,Wage Dongoran,female,+62-878-555-734,Caturangga Andriani,Singkawang,634,639,8,128000000,0,mortgage
482,Maya Uyainah,female,+62-898-555-821,Sadina Narpati,Surabaya,485,490,0,188000000,1,
483,Agnes Halimah,Male,+62-878-555-736,Bajragin Safitri,Ambon,390,395,3,151000000,0,
484,Kawaca Hartati,Female,+62-858-555-025,Aslijan Zulaika,Payakumbuh,387,392,1,153000000,1,other
485,Okto Firmansyah,,+62-857-555-670,Lantar Mandala,Batu,341,346,5,239000000,0,mortgage
486,Unggul Padmasari,,+62-838-555-666,Betania Namaga,Jakarta Selatan,354,359,8,131000000,1,
487,Lintang Lestari,Male,+62-817-555-379,Puput Firmansyah,Dumai,459,464,3,89000000,0,own
488,Nurul Rajata,female,+62-838-555-022,Kayun Sudiati,Semarang,368,373,4,171000000,0,other
489,Banawi Rahimah,male,+62-853-555-745,Hilda Santoso,Jakarta Utara,379,384,4,169000000,1,own
490,Ivan Halimah,,+62-853-555-044,Tasnim Tamba,Makassar,325,330,9,187000000,0,rent
491,Hani Santoso,male,+62-853-555-676,Dipa Kuswoyo,Sibolga,487,492,9,37000000,0,own
492,Dian Handayani,male,+62-859-555-916,Dasa Kuswandari,Medan,456,461,9,56000000,0,mortgage
493,Hasna Nashiruddin,female,+62-854-555-884,Hendra Kuswandari,Salatiga,716,721,3,209000000,1,other
494,Janet Nashiruddin,,+62-878-555-613,Hamima Rahayu,Blitar,807,812,1,200000000,1,own
495,Kezia Aryani,,+62-852-555-276,Kani Farida,Banjar,374,379,8,133000000,0,other
496,Gabriella Marpaung,Female,+62-858-555-370,Lalita Nuraini,Cilegon,727,732,0,229000000,1,other
497,Restu Prasetya,male,+62-898-555-085,Amalia Setiawan,Padang Sidempuan,697,702,10,72000000,0,own
498,Lurhur Wastuti,,+62-838-555-325,Yulia Hidayanto,Pasuruan,591,596,1,141000000,0,other
499,Niyaga Melani,male,+62-899-555-474,Okta Riyanti,Gorontalo,704,709,5,116000000,1,other
500,Almira Rahimah,Male,+62-838-555-249,Elma Oktaviani,Pekalongan,645,650,0,143000000,1,missing
501,Jarwi Tarihoran,Female,+62-878-555-994,Cici Wibowo,Palangka Raya,498,503,7,197000000,0,other
502,Kenari Nurdiyanti,male,+62-815-555-940,Among Halimah,Subulussalam,379,384,0,92000000,1,
503,Zaenab Haryanto,,+62-878-555-253,Ellis Nasyiah,Bandar Lampung,602,607,0,123000000,0,other
504,Edi Mardhiyah,Female,+62-855-555-660,Ella Narpati,Surakarta,673,678,2,84000000,0,own
505,Adikara Hariyah,Male,+62-853-555-655,Empluk Haryanti,Lubuklinggau,767,772,5,87000000,0,other
506,Rudi Marbun,Female,+62-878-555-946,Asmianto Pertiwi,Medan,519,524,7,150000000,0,
507,Farhunnisa Nashiruddin,Female,+62-838-555-345,Samiah Mardhiyah,Jakarta Pusat,368,373,8,233000000,0,mortgage
508,Darman Utama,Female,+62-819-555-201,Ani Hidayanto,Bima,618,623,1,149000000,0,own
509,Azalea Yuliarti,Male,+62-816-555-552,Ratna Hakim,Dumai,506,511,0,171000000,0,
510,Dartono Sihombing,Male,+62-878-555-589,Salwa Mardhiyah,Lubuklinggau,536,541,8,137000000,1,missing
511,Hana Halimah,Male,+62-878-555-715,Raharja Prasasta,Kupang,380,385,5,109000000,0,own
512,Malika Yuliarti,male,+62-815-555-002,Emil Namaga,Tegal,786,791,1,204000000,1,own
513,Winda Agustina,,+62-899-555-505,Mahesa Halimah,Tanjung Pinang,798,803,1,128000000,0,
514,Qori Yulianti,Female,+62-878-555-110,Harjo Wijayanti,Bau-bau,444,449,10,221000000,0,mortgage
515,Unjani Lestari,female,+62-838-555-492,Emil Gunawan,Jakarta Pusat,394,399,4,100000000,1,mortgage
516,Agnes Novitasari,male,+62-852-555-716,Nova Sitorus,Manado,540,545,6,105000000,1,other
517,Eka Wacana,female,+62-878-555-441,Mustofa Aryani,Metro,465,470,2,173000000,0,mortgage
518,Citra Wahyudin,Female,+62-819-555-856,Zalindra Oktaviani,Bitung,407,412,0,118000000,1,mortgage
519,Setya Hutasoit,female,+62-896-555-303,Ciaobella Purnawati,Sorong,521,526,10,190000000,0,missing
520,Hafshah Suartini,Female,+62-899-555-910,Widya Tampubolon,Yogyakarta,558,563,3,75000000,0,mortgage
521,Eja Prakasa,Female,+62-813-555-988,Intan Wahyuni,Pagar Alam,371,376,0,68000000,1,other
522,Balamantri Prastuti,Female,+62-878-555-353,Karya Kusmawati,Tangerang,379,384,7,133000000,1,own
523,Jatmiko Maulana,male,+62-878-555-160,Padmi Hidayanto,Madiun,505,510,10,181000000,1,other
524,Banara Ramadan,female,+62-897-555-272,Ratih Pranowo,Bima,685,690,9,41000000,0,
525,Pranata Nasyiah,female,+62-896-555-192,Umi Mulyani,Surakarta,682,687,9,109000000,1,rent
526,Wahyu Susanti,,+62-898-555-993,Tirta Mardhiyah,Denpasar,487,492,2,116000000,1,mortgage
527,Wardi Wibisono,female,+62-898-555-658,Elvina Rajasa,Magelang,418,423,3,190000000,1,
528,Ulva Wijayanti,,+62-878-555-321,Teguh Dabukke,Tangerang,820,825,4,52000000,0,own
529,Kairav Puspita,Female,+62-897-555-149,Jamalia Pudjiastuti,Serang,799,804,4,115000000,1,missing
530,Ajimin Wibisono,female,+62-838-555-926,Daliono Winarno,Tarakan,450,455,3,87000000,0,rent
531,Clara Riyanti,,+62-896-555-899,Violet Hassanah,Banjarbaru,509,514,5,163000000,1,rent
532,Gantar Riyanti,Female,+62-898-555-866,Oman Anggraini,Salatiga,343,348,4,119000000,0,mortgage
533,Argono Waluyo,male,+62-899-555-531,Yunita Mustofa,Manado,691,696,0,185000000,0,other
534,Bella Widodo,male,+62-878-555-814,Praba Sudiati,Payakumbuh,461,466,9,197000000,0,other
535,Titi Sihombing,Male,+62-855-555-117,Prayitna Sihotang,Singkawang,642,647,2,71000000,1,mortgage
536,Julia Narpati,female,+62-859-555-505,Marsudi Anggriawan,Madiun,787,792,9,239000000,0,other
537,Aslijan Laksmiwati,,+62-815-555-617,Salman Widodo,Lubuklinggau,734,739,9,183000000,0,rent
538,Puti Gunarto,Male,+62-838-555-254,Safina Rajasa,Jakarta Timur,704,709,7,237000000,0,other
539,Jelita Fujiati,,+62-858-555-646,Salsabila Wibisono,Tidore Kepulauan,341,346,0,112000000,1,missing
540,Salman Yolanda,male,+62-817-555-601,Cemeti Budiyanto,Jakarta Pusat,773,778,3,79000000,0,mortgage
541,Agnes Mayasari,Female,+62-815-555-255,Febi Usada,Balikpapan,410,415,8,150000000,0,other
542,Tania Wijayanti,Male,+62-878-555-540,Faizah Saefullah,Sorong,352,357,2,223000000,0,missing
543,Kasiyah Suartini,male,+62-878-555-653,Kartika Puspita,Bau-bau,347,352,3,172000000,0,own
544,Qori Hidayanto,female,+62-838-555-073,Ifa Megantara,Kediri,475,480,10,60000000,0,
545,Latika Winarsih,,+62-898-555-602,Ifa Haryanti,Medan,354,359,0,59000000,1,own
546,Siti Haryanti,,+62-838-555-431,Panca Widiastuti,Kupang,838,843,5,196000000,0,missing
547,Prayoga Setiawan,male,+62-855-555-575,Alika Kuswoyo,Bogor,699,704,6,237000000,1,missing
548,Sabri Melani,female,+62-853-555-333,Karsana Adriansyah,Metro,748,753,0,113000000,1,mortgage
549,Fitriani Zulkarnain,Female,+62-838-555-759,Bakiman Nasyidah,Magelang,762,767,0,237000000,0,missing
550,Raisa Siregar,Male,+62-878-555-486,Alika Mustofa,Subulussalam,760,765,1,63000000,1,rent
551,Karen Puspasari,Female,+62-898-555-585,Amalia Anggriawan,Bukittinggi,807,812,5,58000000,1,own
552,Lasmono Situmorang,female,+62-838-555-856,Silvia Budiyanto,Palembang,342,347,4,187000000,1,own
553,Padmi Yuniar,,+62-838-555-863,Yusuf Oktaviani,Banda Aceh,591,596,0,71000000,1,
554,Siska Sudiati,male,+62-897-555-524,Ciaobella Simanjuntak,Mojokerto,648,653,6,132000000,0,other
555,Putu Maryadi,male,+62-858-555-625,Tari Nuraini,Balikpapan,336,341,4,203000000,0,mortgage
556,Maryadi Maheswara,Female,+62-813-555-251,Karja Siregar,Sawahlunto,403,408,9,173000000,0,mortgage
557,Gatot Sitorus,Female,+62-815-555-708,Putri Riyanti,Binjai,539,544,3,121000000,1,own
558,Muni Yuniar,Female,+62-897-555-602,Viktor Wulandari,Bandar Lampung,506,511,5,59000000,0,mortgage
559,Kunthara Halimah,Male,+62-878-555-826,Latika Maheswara,Bitung,488,493,2,113000000,0,other
560,Betania Saefullah,,+62-838-555-217,Qori Lailasari,Jakarta Selatan,572,577,0,192000000,0,rent
561,Hesti Kuswoyo,,+62-838-555-069,Ina Firmansyah,Lubuklinggau,594,599,5,142000000,0,missing
562,Cindy Uwais,female,+62-819-555-495,Mutia Astuti,Gorontalo,431,436,6,47000000,1,own
563,Eli Prasetyo,Male,+62-878-555-190,Melinda Waluyo,Palopo,363,368,8,197000000,0,other
564,Viktor Lailasari,Male,+62-838-555-949,Cager Maulana,Ambon,573,578,10,237000000,0,rent
565,Lili Nugroho,,+62-838-555-987,Vivi Palastri,Banjarbaru,306,311,8,213000000,0,missing
566,Rahmi Wahyudin,,+62-838-555-412,Viman Budiyanto,Sawahlunto,622,627,6,205000000,0,mortgage
567,Mahesa Haryanti,female,+62-838-555-414,Suci Namaga,Prabumulih,636,641,3,232000000,0,own
568,Dimas Megantara,male,+62-878-555-448,Laras Purnawati,Madiun,698,703,3,177000000,0,missing
569,Oliva Anggraini,male,+62-811-555-758,Hairyanto Purwanti,Tanjung Pinang,385,390,8,196000000,0,own
570,Harjaya Napitupulu,Female,+62-878-555-746,Jaeman Tampubolon,Jambi,457,462,10,210000000,1,
571,Ratna Dabukke,female,+62-857-555-188,Olivia Waskita,Jakarta Selatan,538,543,10,148000000,1,own
572,Karta Zulkarnain,,+62-818-555-931,Keisha Damanik,Subulussalam,545,550,5,88000000,1,mortgage
573,Prabawa Aryani,Female,+62-816-555-229,Puji Suwarno,Palembang,337,342,8,167000000,1,
574,Carla Gunarto,Female,+62-896-555-628,Icha Widodo,Palu,553,558,4,172000000,0,missing
575,Rosman Maryati,Male,+62-812-555-258,Kusuma Oktaviani,Sukabumi,456,461,10,164000000,1,
576,Kasim Mandasari,female,+62-878-555-162,Lalita Susanti,Samarinda,756,761,5,219000000,1,own
577,Capa Nashiruddin,female,+62-838-555-363,Mulyanto Iswahyudi,Banjar,468,473,10,145000000,1,own
578,Elma Saptono,Female,+62-899-555-790,Puji Wijaya,Bandar Lampung,600,605,5,119000000,0,own
579,Pandu Safitri,,+62-838-555-437,Carla Sirait,Jakarta Selatan,601,606,10,167000000,1,mortgage
580,Kartika Zulaika,Male,+62-899-555-916,Gara Widiastuti,Ternate,580,585,2,153000000,0,
581,Ophelia Prakasa,Male,+62-878-555-476,Vicky Yulianti,Mataram,710,715,5,223000000,1,
582,Maida Nuraini,Female,+62-858-555-276,Devi Namaga,Pekanbaru,339,344,3,164000000,1,
583,Bella Natsir,Male,+62-852-555-011,Syahrini Purwanti,Tegal,476,481,6,103000000,0,own
584,Hesti Simbolon,female,+62-856-555-303,Ozy Saragih,Jambi,713,718,6,112000000,1,own
585,Kenzie Nasyiah,Female,+62-859-555-410,Hamzah Yuniar,Bogor,406,411,4,227000000,0,rent
586,Prima Kusmawati,,+62-855-555-162,Utama Hassanah,Kotamobagu,652,657,8,58000000,1,
587,Gandi Siregar,male,+62-878-555-871,Oskar Palastri,Probolinggo,561,566,5,205000000,0,rent
588,Gaman Kuswandari,Female,+62-898-555-616,Dinda Rahimah,Tanjung Balai,430,435,0,61000000,0,
589,Jane Hidayanto,,+62-898-555-609,Nalar Safitri,Yogyakarta,607,612,2,202000000,0,own
590,Agnes Haryanti,female,+62-897-555-747,Jindra Nuraini,Pagar Alam,364,369,2,144000000,0,missing
591,Jindra Napitupulu,female,+62-838-555-521,Gina Prabowo,Banjarmasin,410,415,10,142000000,0,mortgage
592,Alika Widiastuti,male,+62-878-555-535,Siska Laksmiwati,Malang,811,816,6,73000000,0,missing
593,Rika Mayasari,female,+62-853-555-674,Aris Farida,Prabumulih,465,470,6,64000000,0,own
594,Praba Wahyuni,,+62-855-555-548,Cayadi Winarsih,Mataram,682,687,4,147000000,0,missing
595,Anggabaya Santoso,Male,+62-859-555-687,Jati Mangunsong,Mataram,400,405,2,179000000,1,mortgage
596,Warsa Damanik,Female,+62-878-555-130,Vinsen Winarsih,Serang,728,733,5,218000000,0,own
597,Eva Nasyiah,female,+62-819-555-502,Prayitna Usada,Jakarta Pusat,804,809,4,60000000,1,rent
598,Artawan Zulkarnain,male,+62-817-555-939,Saiful Saefullah,Binjai,440,445,5,151000000,0,own
599,Reksa Purnawati,Male,+62-853-555-234,Simon Utami,Solok,498,503,3,143000000,1,
600,Clara Tamba,Female,+62-896-555-753,Wani Lestari,Magelang,394,399,10,166000000,0,own
601,Dalima Pratiwi,female,+62-855-555-812,Rama Firgantoro,Palembang,683,688,9,36000000,1,other
602,Ghani Nurdiyanti,,+62-878-555-228,Cakrabuana Dongoran,Samarinda,593,598,3,94000000,0,own
603,Prayoga Zulkarnain,Female,+62-811-555-892,Gaiman Hutasoit,Pekalongan,406,411,10,171000000,1,own
604,Violet Kuswoyo,,+62-838-555-239,Kadir Suwarno,Tidore Kepulauan,395,400,7,196000000,1,rent
605,Nardi Padmasari,Female,+62-812-555-066,Gawati Padmasari,Kotamobagu,460,465,0,119000000,1,rent
606,Mustofa Maulana,Female,+62-855-555-927,Hartana Nuraini,Magelang,504,509,5,226000000,1,
607,Samiah Wibowo,male,+62-897-555-500,Cemani Rahmawati,Denpasar,736,741,4,212000000,1,missing
608,Tomi Anggriawan,,+62-814-555-229,Vero Pratama,Payakumbuh,378,383,3,113000000,0,other
609,Enteng Permadi,Male,+62-838-555-552,Lanjar Ardianto,Kupang,450,455,10,213000000,1,mortgage
610,Juli Mandala,Male,+62-897-555-731,Tiara Latupono,Tomohon,493,498,7,127000000,1,
611,Tami Lailasari,female,+62-899-555-326,Endah Farida,Tual,557,562,5,74000000,0,rent
612,Kariman Marpaung,female,+62-898-555-504,Perkasa Kuswoyo,Bogor,390,395,9,161000000,0,other
613,Amalia Pudjiastuti,Male,+62-878-555-443,Jasmin Hasanah,Samarinda,410,415,3,210000000,0,other
614,Aurora Winarsih,,+62-857-555-403,Luhung Novitasari,Palembang,588,593,7,235000000,0,mortgage
615,Wirda Sudiati,Male,+62-857-555-216,Sabrina Hutagalung,Ternate,559,564,10,37000000,0,
616,Safina Hartati,female,+62-898-555-180,Nabila Yulianti,Jakarta Pusat,375,380,4,48000000,0,
617,Genta Gunawan,Female,+62-856-555-138,Yusuf Wijayanti,Padang Panjang,486,491,6,175000000,1,rent
618,Icha Mayasari,female,+62-838-555-705,Pangeran Handayani,Mojokerto,747,752,6,54000000,1,own
619,Cornelia Yulianti,male,+62-898-555-393,Niyaga Handayani,Banda Aceh,548,553,0,165000000,1,own
620,Jatmiko Namaga,female,+62-817-555-824,Gilang Rajasa,Banjar,514,519,10,84000000,1,
621,Intan Zulaika,Male,+62-854-555-492,Rika Adriansyah,Payakumbuh,456,461,9,114000000,1,rent
622,Ratih Wibowo,female,+62-878-555-671,Aditya Thamrin,Jakarta Timur,737,742,8,91000000,0,missing
623,Nabila Lailasari,,+62-816-555-288,Purwanto Megantara,Palu,409,414,0,193000000,1,other
624,Humaira Astuti,,+62-896-555-112,Eluh Firgantoro,Payakumbuh,591,596,0,173000000,0,other
625,Eka Haryanti,female,+62-855-555-181,Humaira Sitorus,Tangerang Selatan,706,711,9,108000000,0,other
626,Ina Firgantoro,female,+62-859-555-113,Rika Situmorang,Banjar,682,687,4,181000000,1,rent
627,Kayla Mahendra,female,+62-838-555-532,Zaenab Lailasari,Pangkalpinang,839,844,0,97000000,0,
628,Hartana Pudjiastuti,Female,+62-878-555-678,Rina Rahmawati,Pasuruan,329,334,1,151000000,1,
629,Ibun Wijaya,Female,+62-855-555-920,Ulva Novitasari,Surakarta,379,384,4,239000000,1,missing
630,Dadap Nababan,male,+62-898-555-406,Saka Maryati,Jakarta Utara,392,397,4,43000000,1,mortgage
631,Jelita Nainggolan,female,+62-897-555-036,Lukman Utami,Palembang,786,791,6,174000000,0,own
632,Salimah Zulaika,,+62-896-555-874,Keisha Wahyuni,Sibolga,530,535,8,74000000,1,
633,Hasta Kuswoyo,Male,+62-818-555-644,Cornelia Aryani,Bau-bau,535,540,10,78000000,1,rent
634,Betania Simanjuntak,Male,+62-838-555-868,Rafi Rahimah,Probolinggo,480,485,8,46000000,1,own
635,Yusuf Rajata,female,+62-878-555-418,Zaenab Wacana,Kediri,460,465,9,181000000,0,mortgage
636,Sabrina Manullang,Male,+62-813-555-700,Kemba Suwarno,Cimahi,771,776,1,120000000,0,rent
637,Caket Maheswara,female,+62-838-555-365,Kacung Mardhiyah,Batam,767,772,7,177000000,1,other
638,Cawisadi Yuniar,male,+62-896-555-941,Septi Habibi,Pangkalpinang,561,566,7,224000000,1,mortgage
639,Zulaikha Maryati,male,+62-899-555-777,Kamidin Napitupulu,Tangerang Selatan,610,615,0,171000000,0,mortgage
640,Alika Mardhiyah,female,+62-898-555-808,Salwa Handayani,Cilegon,828,833,0,58000000,1,missing
641,Hamima Nababan,female,+62-818-555-843,Genta Usamah,Tual,606,611,4,124000000,0,mortgage
642,Kania Rajasa,Female,+62-878-555-255,Ajimat Thamrin,Jakarta Timur,773,778,5,118000000,0,missing
643,Labuh Melani,male,+62-838-555-504,Zelaya Melani,Kupang,363,368,5,66000000,0,
644,Drajat Oktaviani,Female,+62-853-555-641,Wirda Laksita,Blitar,783,788,2,174000000,1,own
645,Dimas Maryati,Male,+62-854-555-052,Nadine Yolanda,Palangka Raya,576,581,6,122000000,1,mortgage
646,Bahuwirya Iswahyudi,male,+62-899-555-320,Putu Laksita,Banda Aceh,396,401,10,72000000,0,other
647,Yusuf Suartini,male,+62-838-555-679,Ibun Riyanti,Makassar,794,799,5,216000000,0,other
648,Vera Wijayanti,male,+62-899-555-903,Bala Sihotang,Palembang,313,318,1,204000000,1,other
649,Dinda Agustina,,+62-813-555-848,Shakila Samosir,Subulussalam,727,732,10,65000000,1,mortgage
650,Prayoga Widiastuti,,+62-813-555-449,Ibun Rajasa,Ambon,787,792,10,56000000,1,rent
651,Olga Wasita,,+62-878-555-848,Latika Hutapea,Sibolga,611,616,7,158000000,1,rent
652,Hardana Situmorang,male,+62-811-555-325,Nasab Suartini,Batam,333,338,9,154000000,1,mortgage
653,Galak Wastuti,Female,+62-899-555-352,Prakosa Aryani,Jakarta Selatan,429,434,9,230000000,0,other
654,Prasetyo Nugroho,male,+62-838-555-532,Emong Anggriawan,Depok,587,592,5,171000000,1,mortgage
655,Calista Saputra,,+62-878-555-479,Ega Pratama,Sawahlunto,528,533,1,231000000,1,rent
656,Candra Rahayu,Male,+62-838-555-705,Galur Kurniawan,Palembang,763,768,1,123000000,0,
657,Nalar Pratama,male,+62-878-555-707,Unjani Usada,Jakarta Barat,571,576,9,99000000,1,
658,Prabu Wacana,Male,+62-819-555-695,Sabar Megantara,Magelang,643,648,10,185000000,0,other
659,Cengkir Pranowo,male,+62-856-555-894,Surya Halimah,Tanjung Balai,515,520,4,174000000,0,other
660,Bella Tarihoran,male,+62-838-555-098,Mulya Farida,Bontang,762,767,9,112000000,0,
661,Anita Gunawan,female,+62-899-555-633,Maryadi Susanti,Manado,668,673,6,238000000,0,own
662,Dariati Saputra,male,+62-852-555-272,Prasetya Winarno,Sawahlunto,526,531,5,142000000,1,other
663,Lanang Saragih,male,+62-878-555-857,Tedi Prastuti,Kotamobagu,636,641,9,62000000,0,own
664,Puti Novitasari,male,+62-897-555-469,Febi Marbun,Cilegon,469,474,2,215000000,1,
665,Erik Riyanti,Female,+62-878-555-960,Padma Sitompul,Sukabumi,838,843,7,172000000,0,other
666,Unjani Wacana,female,+62-878-555-879,Jessica Habibi,Bitung,382,387,2,140000000,0,other
667,Jamil Yolanda,,+62-838-555-504,Laksana Pertiwi,Yogyakarta,561,566,7,239000000,1,mortgage
668,Suci Ardianto,,+62-815-555-596,Adiarja Samosir,Bengkulu,520,525,10,40000000,0,other
669,Aurora Siregar,Male,+62-838-555-224,Artanto Sinaga,Gorontalo,449,454,4,220000000,0,
670,Sakura Samosir,male,+62-897-555-633,Malika Suwarno,Padang,625,630,9,196000000,1,missing
671,Oliva Kuswandari,,+62-852-555-099,Estiawan Nainggolan,Malang,694,699,2,216000000,1,rent
672,Farah Usada,male,+62-898-555-335,Purwanto Ardianto,Pare-pare,504,509,8,47000000,0,missing
673,Vera Marpaung,Female,+62-838-555-668,Mahesa Narpati,Jakarta Utara,568,573,10,89000000,0,other
674,Ganda Gunarto,Male,+62-859-555-055,Vanesa Mulyani,Blitar,552,557,9,233000000,0,rent
675,Aurora Kuswandari,male,+62-878-555-510,Gadang Safitri,Jakarta Timur,697,702,9,79000000,0,other
676,Asmianto Andriani,male,+62-896-555-650,Cinthia Narpati,Surakarta,638,643,5,98000000,0,own
677,Marwata Wijayanti,,+62-878-555-520,Taufik Hassanah,Surabaya,789,794,4,153000000,1,own
678,Karimah Pradipta,,+62-855-555-903,Tasnim Laksita,Singkawang,518,523,6,98000000,0,mortgage
679,Restu Mayasari,male,+62-878-555-465,Aditya Mulyani,Depok,359,364,9,160000000,0,mortgage
680,Salman Maryadi,Male,+62-815-555-657,Kamila Nasyiah,Subulussalam,760,765,9,92000000,0,
681,Unjani Lailasari,female,+62-838-555-245,Bakiman Hidayanto,Medan,423,428,0,210000000,1,missing
682,Almira Namaga,male,+62-838-555-411,Raden Sihotang,Jakarta Pusat,628,633,7,132000000,0,mortgage
683,Lala Lazuardi,Male,+62-878-555-605,Tina Zulaika,Bogor,489,494,5,198000000,1,own
684,Anastasia Maulana,female,+62-858-555-756,Umi Nababan,Batu,514,519,1,76000000,1,missing
685,Humaira Pratama,female,+62-856-555-498,Jefri Riyanti,Blitar,388,393,0,112000000,0,other
686,Puji Purwanti,Female,+62-838-555-475,Eko Kusumo,Binjai,677,682,5,165000000,0,own
687,Galur Yulianti,,+62-838-555-808,Lukita Laksmiwati,Surabaya,651,656,10,74000000,0,other
688,Hasna Ardianto,Female,+62-838-555-746,Kawaca Hidayanto,Bekasi,464,469,2,103000000,0,mortgage
689,Praba Firgantoro,Male,+62-899-555-521,Irfan Nugroho,Bukittinggi,703,708,8,95000000,1,
690,Novi Yolanda,,+62-859-555-123,Cahyo Melani,Tidore Kepulauan,782,787,3,81000000,1,missing
691,Gading Maryati,Female,+62-812-555-897,Bahuraksa Ramadan,Solok,750,755,7,75000000,1,other
692,Dian Haryanti,female,+62-899-555-610,Reksa Hassanah,Denpasar,668,673,2,164000000,0,
693,Danang Hasanah,female,+62-818-555-153,Kania Agustina,Palangka Raya,621,626,5,126000000,0,missing
694,Hasta Laksmiwati,,+62-818-555-652,Raina Salahudin,Bengkulu,758,763,1,157000000,1,
695,Violet Hasanah,male,+62-898-555-250,Violet Yuliarti,Lhokseumawe,622,627,3,199000000,1,mortgage
696,Clara Hutapea,,+62-815-555-890,Johan Setiawan,Tanjung Balai,696,701,5,197000000,0,
697,Clara Ramadan,,+62-898-555-679,Marsito Saragih,Jakarta Utara,523,528,5,111000000,0,missing
698,Dwi Susanti,,+62-878-555-321,Vivi Laksita,Langsa,418,423,7,199000000,1,own
699,Putri Mulyani,male,+62-813-555-486,Karimah Pertiwi,Kendari,642,647,7,78000000,0,
700,Dacin Permata,female,+62-898-555-955,Shakila Rahayu,Yogyakarta,666,671,8,75000000,1,other
701,Gina Siregar,Female,+62-898-555-112,Prabowo Prabowo,Pangkalpinang,805,810,1,233000000,1,
702,Dartono Wahyuni,Male,+62-897-555-129,Ayu Suwarno,Sabang,368,373,6,213000000,1,mortgage
703,Bagya Handayani,,+62-853-555-517,Ika Prakasa,Pematangsiantar,818,823,0,55000000,0,own
704,Gangsa Nugroho,Male,+62-854-555-288,Prasetyo Puspita,Gunung Sitoli,808,813,2,52000000,1,
705,Vino Simbolon,female,+62-852-555-552,Eli Simbolon,Padang,722,727,4,64000000,0,rent
706,Tina Astuti,Female,+62-878-555-869,Maimunah Budiyanto,Makassar,836,841,5,191000000,0,rent
707,Septi Nurdiyanti,Male,+62-854-555-052,Akarsana Prastuti,Tanjung Pinang,676,681,3,50000000,0,other
708,Pia Mayasari,female,+62-838-555-695,Ridwan Prabowo,Probolinggo,300,305,5,101000000,0,rent
709,Waluyo Suryatmi,Female,+62-812-555-122,Warsa Mandasari,Gunung Sitoli,731,736,3,94000000,1,rent
710,Maman Rahimah,,+62-899-555-760,Zulfa Permata,Bukittinggi,792,797,9,195000000,1,missing
711,Oliva Sihombing,Female,+62-878-555-861,Halima Narpati,Serang,610,615,8,207000000,1,own
712,Samiah Sihotang,male,+62-898-555-164,Edi Mustofa,Pangkalpinang,655,660,10,162000000,1,mortgage
713,Tasdik Riyanti,,+62-878-555-575,Gaman Hutapea,Denpasar,676,681,8,240000000,1,mortgage
714,Lintang Rahayu,,+62-856-555-911,Ajeng Lestari,Tasikmalaya,470,475,1,65000000,0,other
715,Gasti Zulaika,Female,+62-878-555-640,Martaka Pertiwi,Sorong,821,826,6,41000000,0,own
716,Cici Hastuti,Male,+62-899-555-277,Asman Januar,Serang,608,613,0,154000000,0,own
717,Putri Prasasta,female,+62-815-555-414,Elon Halimah,Ambon,698,703,1,51000000,0,mortgage
718,Samsul Novitasari,male,+62-878-555-885,Ajimat Napitupulu,Banjarbaru,457,462,7,169000000,0,missing
719,Adinata Oktaviani,Female,+62-819-555-173,Edward Namaga,Banjarbaru,396,401,9,198000000,1,mortgage
720,Kamidin Melani,female,+62-838-555-504,Cornelia Winarno,Palopo,720,725,3,188000000,0,
721,Kania Prabowo,Female,+62-897-555-384,Luis Pratama,Palangka Raya,479,484,3,147000000,0,other
722,Damar Haryanti,Female,+62-814-555-351,Darimin Fujiati,Makassar,731,736,7,64000000,1,missing
723,Vivi Prasetyo,male,+62-896-555-244,Rahmi Sitorus,Pematangsiantar,439,444,6,198000000,1,mortgage
724,Sakura Puspita,Male,+62-858-555-332,Anastasia Dabukke,Sorong,321,326,5,69000000,1,
725,Karta Prastuti,Female,+62-853-555-700,Harjo Marbun,Kotamobagu,780,785,10,50000000,0,own
726,Lembah Puspasari,Male,+62-878-555-513,Uli Thamrin,Banjarbaru,397,402,6,233000000,1,missing
727,Ismail Nasyidah,Male,+62-838-555-386,Ika Wasita,Bandung,682,687,6,53000000,0,rent
728,Sabar Saputra,Male,+62-878-555-284,Asmianto Permata,Jakarta Utara,698,703,4,179000000,0,other
729,Nasrullah Mayasari,female,+62-838-555-770,Oliva Waluyo,Banjar,425,430,5,45000000,0,missing
730,Sakti Tarihoran,Female,+62-818-555-578,Warsita Yuliarti,Pare-pare,378,383,4,109000000,1,rent
731,Umar Purnawati,Female,+62-838-555-833,Tomi Latupono,Palopo,703,708,3,157000000,1,other
732,Queen Kusmawati,female,+62-878-555-388,Icha Mandasari,Sibolga,415,420,4,137000000,1,missing
733,Candrakanta Namaga,,+62-854-555-394,Arta Simanjuntak,Denpasar,759,764,4,103000000,0,missing
734,Tania Nurdiyanti,female,+62-878-555-297,Wisnu Suartini,Langsa,650,655,7,76000000,1,
735,Kartika Agustina,female,+62-838-555-466,Chelsea Saefullah,Kotamobagu,668,673,6,39000000,1,rent
736,Gawati Saefullah,female,+62-878-555-779,Prabu Andriani,Bontang,454,459,5,88000000,0,own
737,Reksa Handayani,Female,+62-878-555-173,Ida Firmansyah,Solok,531,536,6,207000000,1,own
738,Karimah Pangestu,Male,+62-858-555-578,Cinta Suryatmi,Gorontalo,781,786,6,221000000,1,mortgage
739,Malik Winarsih,female,+62-878-555-028,Endra Permata,Bengkulu,623,628,0,185000000,1,rent
740,Surya Pradipta,Female,+62-859-555-742,Jagapati Napitupulu,Banda Aceh,582,587,4,131000000,0,
741,Syahrini Siregar,male,+62-815-555-381,Lukita Pradipta,Mataram,614,619,10,100000000,1,
742,Oman Budiyanto,male,+62-878-555-065,Zelda Agustina,Ternate,325,330,1,155000000,0,own
743,Emong Habibi,male,+62-878-555-067,Maria Napitupulu,Padang,565,570,8,61000000,0,mortgage
744,Yuliana Hassanah,,+62-838-555-309,Puput Hidayat,Sabang,747,752,0,36000000,1,
745,Bakda Prasasta,male,+62-859-555-236,Puji Permata,Prabumulih,682,687,1,228000000,1,other
746,Qori Rahmawati,Female,+62-819-555-249,Malika Putra,Serang,527,532,9,93000000,1,
747,Jane Uwais,male,+62-898-555-695,Daliono Irawan,Batu,309,314,8,193000000,0,mortgage
748,Gatra Januar,Female,+62-857-555-899,Kala Namaga,Ambon,633,638,6,173000000,0,other
749,Tugiman Lestari,male,+62-853-555-460,Eva Handayani,Lubuklinggau,672,677,6,137000000,0,other
750,Rika Uwais,male,+62-899-555-748,Caket Aryani,Blitar,458,463,2,40000000,0,
751,Dipa Sirait,female,+62-878-555-603,Devi Usamah,Depok,308,313,5,137000000,1,missing
752,Yessi Natsir,Male,+62-838-555-108,Mulya Prasetyo,Banda Aceh,840,845,9,159000000,1,mortgage
753,Ratna Riyanti,Female,+62-898-555-528,Eja Putra,Padang,337,342,10,65000000,1,rent
754,Viman Prasetya,Male,+62-856-555-784,Kenes Agustina,Blitar,680,685,6,236000000,0,other
755,Patricia Hastuti,,+62-838-555-324,Nadine Firmansyah,Solok,352,357,9,54000000,0,own
756,Zizi Gunarto,,+62-814-555-549,Cakrabuana Hidayanto,Tangerang Selatan,826,831,8,205000000,0,rent
757,Satya Hutasoit,female,+62-856-555-323,Kacung Mustofa,Dumai,420,425,4,102000000,1,
758,Balamantri Prasasta,Female,+62-812-555-666,Mutia Saragih,Jayapura,600,605,7,152000000,0,missing
759,Darman Hasanah,female,+62-878-555-113,Lidya Prayoga,Pariaman,522,527,9,240000000,0,own
760,Unggul Hartati,Male,+62-811-555-149,Zizi Hassanah,Jambi,531,536,7,49000000,0,missing
761,Karna Samosir,female,+62-898-555-196,Sabar Sitompul,Lhokseumawe,664,669,8,178000000,0,mortgage
762,Warta Santoso,female,+62-897-555-111,Hesti Hidayat,Bitung,702,707,0,38000000,1,own
763,Lalita Yuniar,Female,+62-838-555-091,Janet Yuniar,Solok,748,753,10,204000000,1,own
764,Gangsa Nuraini,,+62-878-555-941,Raden Maryati,Bontang,776,781,10,129000000,1,rent
765,Vinsen Hutagalung,female,+62-899-555-400,Pangestu Hartati,Langsa,771,776,5,90000000,1,missing
766,Violet Maheswara,Female,+62-878-555-257,Farhunnisa Kuswoyo,Tasikmalaya,776,781,1,223000000,1,own
767,Kemba Lestari,Female,+62-838-555-930,Kenzie Gunawan,Tanjung Balai,791,796,10,41000000,0,rent
768,Almira Ardianto,Male,+62-859-555-555,Malik Wibisono,Sorong,475,480,5,149000000,0,
769,Ika Utami,Male,+62-897-555-216,Kartika Wibisono,Palopo,479,484,9,94000000,0,
770,Halim Adriansyah,,+62-838-555-739,Yosef Wibisono,Manado,795,800,10,48000000,1,own
771,Tari Mandasari,Female,+62-878-555-853,Restu Nashiruddin,Surakarta,804,809,9,152000000,0,mortgage
772,Maryanto Utama,Female,+62-878-555-733,Pranawa Siregar,Palangka Raya,343,348,8,125000000,0,other
773,Cinthia Situmorang,Female,+62-838-555-884,Saka Purnawati,Serang,566,571,7,169000000,1,missing
774,Yance Laksmiwati,female,+62-853-555-303,Garda Prastuti,Batam,763,768,10,70000000,0,rent
775,Kadir Wijayanti,female,+62-838-555-005,Cengkal Anggriawan,Bogor,707,712,3,230000000,0,rent
776,Vanya Gunawan,female,+62-838-555-842,Warsa Hidayat,Surabaya,817,822,4,52000000,0,
777,Kajen Yuliarti,female,+62-814-555-407,Putu Mandala,Bukittinggi,591,596,7,81000000,0,
778,Uli Safitri,Male,+62-838-555-040,Ira Laksmiwati,Semarang,582,587,5,51000000,0,
779,Irfan Nasyiah,,+62-838-555-971,Saadat Santoso,Solok,393,398,1,58000000,0,missing
780,Silvia Budiman,,+62-838-555-842,Puput Najmudin,Lubuklinggau,578,583,3,229000000,0,other
781,Bambang Natsir,Male,+62-814-555-677,Candra Saragih,Serang,305,310,10,47000000,0,
782,Elma Utami,female,+62-838-555-255,Sari Winarsih,Tanjung Balai,777,782,9,161000000,0,missing
783,Baktianto Waluyo,Female,+62-818-555-661,Melinda Hariyah,Denpasar,773,778,9,222000000,0,rent
784,Jelita Nuraini,female,+62-819-555-171,Imam Mandasari,Lubuklinggau,678,683,5,97000000,0,rent
785,Lanjar Pudjiastuti,male,+62-812-555-209,Eva Widiastuti,Samarinda,452,457,7,202000000,1,own
786,Eva Sudiati,Female,+62-878-555-180,Vera Nugroho,Bima,470,475,2,38000000,0,mortgage
787,Maida Kusumo,,+62-838-555-827,Cakrajiya Wahyudin,Sawahlunto,349,354,5,98000000,1,other
788,Hadi Fujiati,Female,+62-838-555-749,Ghaliyati Widiastuti,Padang,477,482,9,203000000,1,other
789,Akarsana Pranowo,Female,+62-897-555-000,Clara Gunarto,Kotamobagu,529,534,10,211000000,1,rent
790,Siti Nuraini,,+62-819-555-987,Wardi Purwanti,Ambon,636,641,0,92000000,0,
791,Balijan Iswahyudi,female,+62-818-555-437,Iriana Wibisono,Subulussalam,530,535,6,118000000,0,mortgage
792,Lanang Pertiwi,Male,+62-815-555-786,Lurhur Nasyiah,Palangka Raya,731,736,1,117000000,0,missing
793,Juli Yuniar,Female,+62-899-555-394,Paramita Kusmawati,Batam,603,608,2,224000000,1,missing
794,Prakosa Yulianti,male,+62-878-555-051,Daryani Firgantoro,Semarang,383,388,3,207000000,1,missing
795,Viman Maryadi,,+62-838-555-600,Winda Nurdiyanti,Malang,661,666,3,78000000,1,missing
796,Ilyas Tamba,female,+62-878-555-702,Agus Nashiruddin,Lhokseumawe,691,696,2,90000000,0,mortgage
797,Rachel Melani,female,+62-814-555-384,Gamanto Andriani,Dumai,664,669,10,50000000,1,mortgage
798,Alika Maryati,Male,+62-852-555-563,Hasna Uyainah,Palangka Raya,836,841,9,44000000,1,other
799,Tami Hassanah,Male,+62-897-555-449,Putri Mandasari,Bogor,656,661,8,229000000,1,rent
800,Kania Mansur,male,+62-838-555-982,Asmadi Zulaika,Magelang,798,803,5,134000000,0,own
801,Murti Laksita,,+62-812-555-670,Ella Saefullah,Tanjung Pinang,613,618,7,198000000,0,other
802,Puji Mangunsong,,+62-896-555-767,Melinda Anggriawan,Gorontalo,417,422,7,78000000,1,mortgage
803,Paiman Pangestu,Female,+62-855-555-176,Aris Laksmiwati,Bogor,677,682,4,157000000,0,missing
804,Victoria Irawan,Female,+62-858-555-359,Gambira Hartati,Mojokerto,682,687,5,84000000,0,missing
805,Erik Nurdiyanti,Female,+62-896-555-549,Gatra Yulianti,Sukabumi,778,783,8,198000000,1,rent
806,Panji Napitupulu,female,+62-814-555-932,Harjasa Sudiati,Langsa,695,700,9,111000000,0,other
807,Ismail Santoso,,+62-838-555-294,Radit Sudiati,Banda Aceh,515,520,0,131000000,1,rent
808,Ilsa Mardhiyah,Female,+62-897-555-488,Clara Waskita,Jakarta Utara,509,514,9,161000000,0,other
809,Fitriani Tampubolon,female,+62-814-555-230,Padma Permadi,Banjarmasin,413,418,0,226000000,1,own
810,Carla Astuti,Female,+62-878-555-869,Kala Nashiruddin,Padang Panjang,366,371,5,95000000,0,mortgage
811,Makara Uyainah,Female,+62-859-555-068,Jagapati Prasetyo,Tasikmalaya,472,477,4,69000000,0,rent
812,Gangsa Mahendra,Female,+62-811-555-347,Fitria Purnawati,Singkawang,365,370,3,231000000,1,mortgage
813,Hasna Winarno,,+62-812-555-437,Ajimat Agustina,Pematangsiantar,508,513,5,73000000,0,
814,Galar Simbolon,female,+62-899-555-128,Jais Putra,Palembang,427,432,5,220000000,0,rent
815,Unggul Yulianti,male,+62-859-555-979,Salsabila Ramadan,Banjar,622,627,9,161000000,0,rent
816,Nyoman Setiawan,Male,+62-896-555-002,Julia Lazuardi,Tangerang Selatan,349,354,4,80000000,1,other
817,Puspa Gunarto,,+62-838-555-580,Vanesa Nainggolan,Bontang,590,595,10,63000000,0,
818,Ian Pangestu,female,+62-878-555-091,Kenari Maryati,Tanjung Balai,410,415,6,218000000,1,missing
819,Bakidin Simanjuntak,male,+62-898-555-237,Cahyono Napitupulu,Bontang,537,542,0,202000000,0,own
820,Sarah Hartati,female,+62-878-555-981,Laksana Farida,Medan,824,829,1,224000000,1,own
821,Farah Novitasari,female,+62-811-555-614,Sari Anggraini,Balikpapan,512,517,2,107000000,1,missing
822,Emong Riyanti,female,+62-859-555-157,Janet Laksita,Tomohon,797,802,1,206000000,1,mortgage
823,Janet Laksmiwati,Male,+62-855-555-423,Kadir Permata,Samarinda,768,773,6,89000000,1,missing
824,Prima Nugroho,female,+62-858-555-218,Victoria Ardianto,Bekasi,582,587,10,89000000,1,other
825,Agnes Hutasoit,,+62-838-555-247,Asmadi Anggraini,Banda Aceh,571,576,4,175000000,1,
826,Jono Saefullah,male,+62-898-555-042,Citra Rahimah,Jakarta Utara,673,678,0,227000000,0,mortgage
827,Ulva Lazuardi,Female,+62-878-555-807,Dinda Permadi,Banjarmasin,620,625,3,165000000,0,own
828,Genta Budiman,Male,+62-817-555-740,Hari Hartati,Mataram,612,617,2,232000000,1,other
829,Diah Marbun,Male,+62-854-555-321,Eja Prastuti,Ternate,796,801,0,196000000,1,missing
830,Eluh Hakim,Male,+62-855-555-358,Salsabila Melani,Banjar,587,592,3,189000000,0,other
831,Dian Prastuti,Female,+62-878-555-293,Balidin Wastuti,Banjar,806,811,8,55000000,1,
832,Nova Siregar,female,+62-878-555-134,Harsaya Widodo,Tangerang,561,566,6,44000000,0,other
833,Anastasia Wahyudin,,+62-897-555-358,Citra Riyanti,Magelang,450,455,9,118000000,0,
834,Ganda Suwarno,female,+62-898-555-444,Fathonah Hidayanto,Singkawang,653,658,5,207000000,1,
835,Kartika Utami,,+62-838-555-207,Cecep Widiastuti,Lubuklinggau,365,370,5,75000000,1,mortgage
836,Anastasia Suwarno,Male,+62-898-555-526,Eko Widiastuti,Sibolga,639,644,10,145000000,1,
837,Labuh Wastuti,Female,+62-816-555-189,Gaiman Rajasa,Mataram,418,423,10,112000000,1,rent
838,Kawaya Wibowo,Female,+62-899-555-141,Ulya Riyanti,Jambi,352,357,7,113000000,1,own
839,Gadang Nainggolan,Female,+62-897-555-717,Labuh Andriani,Pagar Alam,771,776,2,160000000,1,missing
840,Lamar Prastuti,Female,+62-896-555-054,Samsul Anggraini,Samarinda,306,311,1,196000000,1,own
841,Syahrini Simbolon,Male,+62-838-555-896,Hafshah Mahendra,Singkawang,700,705,0,152000000,0,rent
842,Legawa Januar,female,+62-838-555-094,Titin Anggraini,Lhokseumawe,567,572,4,193000000,0,missing
843,Darsirah Rahimah,female,+62-819-555-510,Kurnia Mardhiyah,Gorontalo,782,787,9,151000000,0,other
844,Sarah Permata,Male,+62-898-555-811,Vega Nuraini,Kediri,575,580,0,192000000,0,
845,Balamantri Sihombing,,+62-819-555-365,Devi Fujiati,Madiun,345,350,1,232000000,1,missing
846,Tasnim Adriansyah,Female,+62-878-555-245,Irnanto Pangestu,Madiun,315,320,1,119000000,0,
847,Carla Wastuti,Female,+62-896-555-102,Umaya Usada,Pariaman,590,595,9,79000000,1,mortgage
848,Clara Budiyanto,,+62-815-555-129,Najwa Nainggolan,Serang,825,830,4,47000000,0,rent
849,Elon Waluyo,female,+62-896-555-319,Gandi Damanik,Pekalongan,774,779,7,116000000,0,mortgage
850,Febi Hartati,Female,+62-878-555-443,Utama Puspita,Bitung,810,815,10,118000000,0,mortgage
851,Setya Maheswara,Female,+62-838-555-088,Raina Hastuti,Depok,530,535,8,139000000,1,
852,Samiah Palastri,Female,+62-857-555-578,Vicky Latupono,Pariaman,746,751,5,41000000,0,
853,Farhunnisa Firmansyah,,+62-814-555-873,Luwar Hakim,Ternate,480,485,4,212000000,0,mortgage
854,Carla Permata,Male,+62-898-555-556,Raden Permata,Tanjung Balai,338,343,8,101000000,1,rent
855,Zahra Damanik,female,+62-814-555-696,Septi Kuswandari,Madiun,796,801,10,213000000,1,other
856,Nabila Laksita,male,+62-878-555-597,Endra Mulyani,Padang Sidempuan,320,325,2,203000000,0,own
857,Kambali Prakasa,Female,+62-855-555-220,Lutfan Suryatmi,Pangkalpinang,743,748,8,64000000,0,rent
858,Adinata Nuraini,male,+62-878-555-949,Faizah Hariyah,Prabumulih,824,829,0,189000000,1,rent
859,Michelle Prasetyo,Male,+62-898-555-865,Bahuwirya Oktaviani,Tegal,350,355,6,100000000,1,own
860,Ami Anggraini,Male,+62-838-555-358,Luis Pertiwi,Tangerang,440,445,0,47000000,0,mortgage
861,Mala Rahimah,male,+62-896-555-567,Utama Pratiwi,Gorontalo,395,400,6,113000000,0,other
862,Ellis Suwarno,,+62-838-555-403,Intan Kuswoyo,Yogyakarta,764,769,8,240000000,1,other
863,Unjani Sitorus,male,+62-897-555-920,Raden Puspita,Sukabumi,671,676,6,193000000,0,own
864,Kamaria Siregar,Male,+62-897-555-597,Enteng Wacana,Tegal,681,686,3,47000000,0,missing
865,Tina Safitri,Female,+62-838-555-577,Jono Permadi,Payakumbuh,378,383,3,131000000,1,own
866,Puji Ramadan,,+62-838-555-460,Wakiman Nurdiyanti,Batam,467,472,9,179000000,1,other
867,Yono Maryati,Female,+62-814-555-037,Latika Lestari,Pasuruan,566,571,4,186000000,0,other
868,Calista Situmorang,female,+62-838-555-289,Prayogo Kusmawati,Depok,576,581,0,137000000,0,mortgage
869,Murti Mansur,Male,+62-858-555-959,Harimurti Mansur,Jakarta Pusat,438,443,9,89000000,0,mortgage
870,Irnanto Maryati,male,+62-816-555-391,Indah Mayasari,Banjar,449,454,4,122000000,1,mortgage
871,Samiah Prasetya,Male,+62-899-555-932,Wawan Setiawan,Madiun,629,634,8,122000000,0,missing
872,Bakidin Mardhiyah,female,+62-817-555-571,Hendra Purwanti,Makassar,837,842,7,85000000,1,other
873,Cakrajiya Lazuardi,male,+62-878-555-062,Prabawa Anggriawan,Sorong,379,384,1,212000000,0,own
874,Cager Mardhiyah,male,+62-858-555-515,Nyoman Hutapea,Jambi,789,794,0,238000000,1,own
875,Marwata Maryati,Female,+62-878-555-389,Elma Suryatmi,Tomohon,741,746,9,155000000,0,rent
876,Mutia Padmasari,Female,+62-811-555-694,Artawan Usamah,Kupang,391,396,3,90000000,1,other
877,Chelsea Sirait,Male,+62-838-555-550,Cawisono Riyanti,Mojokerto,597,602,1,129000000,0,other
878,Aris Sinaga,,+62-878-555-627,Jatmiko Anggriawan,Metro,365,370,7,153000000,1,other
879,Harjo Hassanah,female,+62-858-555-018,Bahuraksa Hartati,Batu,599,604,4,115000000,0,other
880,Hilda Lestari,female,+62-838-555-397,Unggul Budiyanto,Jakarta Barat,557,562,9,40000000,0,missing
881,Teddy Wahyuni,female,+62-859-555-556,Warsa Farida,Balikpapan,516,521,6,117000000,0,own
882,Almira Damanik,male,+62-878-555-492,Rahmi Wulandari,Tasikmalaya,673,678,5,174000000,1,
883,Jati Sihotang,Female,+62-852-555-313,Embuh Pudjiastuti,Palu,738,743,0,152000000,1,other
884,Raihan Lestari,male,+62-858-555-731,Jagaraga Zulaika,Langsa,669,674,2,103000000,0,
885,Kania Namaga,female,+62-896-555-417,Ami Usada,Singkawang,663,668,6,158000000,1,
886,Capa Kuswoyo,,+62-813-555-494,Puji Utami,Bau-bau,536,541,8,204000000,0,mortgage
887,Gilda Hasanah,Male,+62-853-555-342,Erik Rahayu,Jakarta Timur,678,683,7,224000000,1,rent
888,Balijan Siregar,male,+62-818-555-443,Dirja Nashiruddin,Makassar,549,554,2,239000000,0,other
889,Wani Pudjiastuti,,+62-898-555-059,Gawati Nurdiyanti,Cirebon,727,732,3,145000000,1,missing
890,Ade Narpati,Male,+62-814-555-971,Anastasia Hartati,Medan,569,574,10,148000000,0,own
891,Wardaya Oktaviani,male,+62-838-555-816,Panca Halim,Payakumbuh,677,682,3,73000000,0,own
892,Ilsa Natsir,,+62-838-555-822,Adhiarja Saragih,Tanjung Balai,314,319,2,139000000,1,other
893,Umar Handayani,,+62-811-555-488,Erik Lazuardi,Lhokseumawe,815,820,4,70000000,0,rent
894,Luwar Tampubolon,female,+62-838-555-074,Kemba Situmorang,Manado,363,368,2,202000000,0,rent
895,Titi Irawan,Male,+62-858-555-854,Kawaya Prasetya,Pangkalpinang,813,818,10,158000000,1,other
896,Oliva Novitasari,male,+62-878-555-895,Betania Wasita,Bogor,730,735,0,43000000,0,mortgage
897,Virman Riyanti,male,+62-817-555-626,Rika Manullang,Subulussalam,317,322,0,55000000,1,rent
898,Dariati Sihotang,Female,+62-897-555-791,Damar Mulyani,Kupang,639,644,8,219000000,1,missing
899,Zaenab Nababan,female,+62-838-555-990,Karman Nugroho,Padang Sidempuan,300,305,10,159000000,0,
900,Lala Marpaung,female,+62-838-555-384,Belinda Pudjiastuti,Mataram,740,745,7,222000000,1,mortgage
901,Farhunnisa Manullang,female,+62-878-555-548,Yuni Suryatmi,Lhokseumawe,490,495,10,102000000,1,rent
902,Diana Nugroho,male,+62-853-555-688,Leo Marpaung,Solok,352,357,0,191000000,0,missing
903,Mahesa Yuliarti,,+62-838-555-950,Gina Widiastuti,Tangerang,361,366,3,61000000,1,other
904,Dinda Megantara,Male,+62-838-555-985,Halima Usada,Tarakan,556,561,10,197000000,0,
905,Aisyah Wastuti,,+62-814-555-705,Manah Puspita,Metro,674,679,10,228000000,1,missing
906,Elvin Hassanah,,+62-819-555-709,Gandi Maryadi,Ternate,361,366,4,231000000,1,mortgage
907,Suci Mahendra,Male,+62-819-555-823,Paulin Hartati,Lhokseumawe,733,738,7,163000000,0,own
908,Aurora Padmasari,,+62-838-555-367,Uchita Pradipta,Tidore Kepulauan,834,839,0,178000000,1,own
909,Sadina Oktaviani,Male,+62-838-555-487,Cici Yolanda,Lhokseumawe,403,408,1,83000000,0,missing
910,Daliman Pradipta,female,+62-813-555-054,Eman Rahmawati,Sungaipenuh,430,435,1,230000000,1,other
911,Maya Padmasari,Male,+62-899-555-997,Karna Sihotang,Jakarta Utara,549,554,10,195000000,1,other
912,Jessica Fujiati,,+62-898-555-623,Cawuk Ramadan,Sibolga,790,795,8,41000000,1,other
913,Gamblang Thamrin,,+62-855-555-578,Virman Nashiruddin,Surakarta,653,658,9,217000000,1,own
914,Bakianto Nasyidah,female,+62-899-555-515,Cinthia Wibowo,Kupang,302,307,6,140000000,1,
915,Jatmiko Kusmawati,Female,+62-878-555-478,Dimas Laksita,Pagar Alam,723,728,5,179000000,0,own
916,Eka Oktaviani,male,+62-859-555-177,Lintang Suryatmi,Bima,568,573,3,121000000,0,missing
917,Taufik Yuliarti,female,+62-838-555-008,Kayla Namaga,Banjar,453,458,7,157000000,1,
918,Vicky Melani,Female,+62-838-555-983,Kartika Jailani,Sorong,472,477,5,120000000,1,own
919,Elvina Pradipta,Male,+62-838-555-249,Hartana Tarihoran,Magelang,555,560,3,151000000,0,own
920,Harjaya Rajata,Female,+62-838-555-470,Mujur Prasasta,Ambon,653,658,8,123000000,1,missing
921,Fitria Hardiansyah,Female,+62-896-555-147,Agus Riyanti,Palu,483,488,2,111000000,1,other
922,Asirwada Suartini,Female,+62-898-555-964,Indah Namaga,Tegal,435,440,8,48000000,1,rent
923,Mariadi Sudiati,Female,+62-878-555-209,Daniswara Wibowo,Bengkulu,503,508,1,152000000,0,other
924,Puti Lestari,Female,+62-838-555-013,Tiara Puspasari,Dumai,412,417,0,74000000,1,missing
925,Shakila Riyanti,Female,+62-878-555-197,Qori Yolanda,Surakarta,768,773,10,181000000,1,mortgage
926,Candra Pratama,male,+62-855-555-488,Adhiarja Wibisono,Padang,618,623,7,38000000,0,mortgage
927,Ani Salahudin,female,+62-878-555-780,Tugiman Maryadi,Jakarta Barat,598,603,4,190000000,0,missing
928,Opung Aryani,,+62-878-555-898,Widya Hassanah,Bogor,650,655,10,155000000,1,own
929,Harsana Yuliarti,male,+62-838-555-406,Tania Kuswandari,Banjarbaru,336,341,3,123000000,0,own
930,Sabar Uwais,male,+62-878-555-805,Niyaga Marpaung,Pekanbaru,373,378,7,75000000,1,other
931,Bambang Anggriawan,Male,+62-838-555-219,Najib Hakim,Lubuklinggau,440,445,6,122000000,1,other
932,Iriana Susanti,Female,+62-878-555-792,Dina Wahyudin,Sungaipenuh,723,728,7,234000000,0,own
933,Vanya Wijayanti,female,+62-898-555-326,Ina Purwanti,Solok,504,509,9,72000000,0,own
934,Karsana Santoso,Male,+62-838-555-868,Intan Utama,Tanjung Pinang,593,598,2,202000000,1,own
935,Pia Purnawati,male,+62-853-555-001,Paris Rahayu,Palu,752,757,1,89000000,0,
936,Karimah Haryanto,Male,+62-854-555-546,Tari Oktaviani,Jayapura,782,787,4,196000000,0,other
937,Jane Usada,female,+62-852-555-319,Paiman Zulaika,Kupang,609,614,7,162000000,0,other
938,Yusuf Andriani,male,+62-898-555-561,Margana Waluyo,Batu,468,473,4,109000000,1,mortgage
939,Jagaraga Yulianti,male,+62-896-555-024,Farhunnisa Maheswara,Ambon,642,647,3,45000000,1,rent
940,Ikin Thamrin,Female,+62-878-555-708,Reza Saefullah,Solok,509,514,8,149000000,0,own
941,Putri Thamrin,Female,+62-898-555-390,Samiah Zulaika,Batu,321,326,1,179000000,1,mortgage
942,Hartana Situmorang,,+62-838-555-619,Ikin Laksmiwati,Lhokseumawe,529,534,7,136000000,1,mortgage
943,Nabila Ardianto,female,+62-852-555-851,Cinta Wasita,Medan,725,730,6,239000000,0,own
944,Darijan Waluyo,Female,+62-819-555-663,Wahyu Uyainah,Bima,836,841,9,194000000,0,mortgage
945,Umaya Wulandari,Female,+62-838-555-314,Cahyadi Simanjuntak,Palopo,391,396,9,104000000,0,other
946,Hilda Situmorang,,+62-853-555-216,Nalar Nashiruddin,Palopo,825,830,1,168000000,1,mortgage
947,Bajragin Riyanti,,+62-838-555-832,Kanda Permadi,Lubuklinggau,524,529,1,142000000,1,
948,Mujur Tarihoran,Female,+62-811-555-312,Zelda Suwarno,Pematangsiantar,507,512,5,117000000,1,missing
949,Teguh Puspasari,Male,+62-819-555-671,Faizah Widodo,Tanjung Pinang,428,433,4,166000000,0,other
950,Koko Simanjuntak,female,+62-853-555-609,Suci Saptono,Serang,409,414,10,123000000,1,other
951,Cinthia Iswahyudi,,+62-878-555-139,Queen Haryanto,Tegal,610,615,0,170000000,1,mortgage
952,Edward Fujiati,male,+62-897-555-296,Shania Sitorus,Tebing Tinggi,463,468,5,91000000,1,own
953,Nardi Hartati,Female,+62-899-555-350,Jelita Wahyuni,Batam,832,837,9,135000000,0,rent
954,Genta Iswahyudi,,+62-817-555-627,Dipa Mandasari,Lubuklinggau,722,727,9,78000000,0,rent
955,Cawisono Ardianto,female,+62-896-555-163,Juli Suryatmi,Jakarta Selatan,662,667,2,41000000,0,other
956,Lamar Wijayanti,Female,+62-857-555-725,Tasdik Kusmawati,Gunung Sitoli,497,502,9,150000000,0,
957,Rahmi Sitorus,Female,+62-814-555-483,Lintang Wijayanti,Tangerang Selatan,518,523,8,170000000,1,mortgage
958,Ira Mandasari,male,+62-896-555-402,Koko Nasyidah,Batu,380,385,10,103000000,1,rent
959,Digdaya Rahmawati,male,+62-878-555-865,Empluk Safitri,Jambi,308,313,7,111000000,1,
960,Restu Yulianti,female,+62-838-555-522,Raden Waluyo,Medan,439,444,8,84000000,1,missing
961,Pangestu Megantara,Female,+62-878-555-193,Ratna Dongoran,Prabumulih,654,659,7,167000000,0,other
962,Anastasia Budiman,Female,+62-878-555-074,Eva Lestari,Salatiga,515,520,1,135000000,0,mortgage
963,Ciaobella Suartini,female,+62-899-555-777,Carla Hutasoit,Bau-bau,418,423,4,79000000,0,rent
964,Cindy Halimah,male,+62-857-555-063,Estiawan Iswahyudi,Bandung,580,585,7,212000000,1,
965,Lintang Hutagalung,Female,+62-854-555-884,Gabriella Farida,Kediri,721,726,10,204000000,0,own
966,Uda Mustofa,Female,+62-838-555-754,Padmi Nuraini,Padang,400,405,8,103000000,0,mortgage
967,Puti Sihombing,,+62-853-555-416,Ika Nasyiah,Makassar,806,811,3,59000000,1,
968,Gandi Pranowo,,+62-814-555-092,Teddy Yolanda,Makassar,694,699,4,227000000,1,mortgage
969,Fathonah Nuraini,,+62-897-555-323,Malika Hassanah,Binjai,693,698,6,121000000,0,mortgage
970,Sakura Rahayu,,+62-857-555-493,Ibrahim Anggraini,Kotamobagu,816,821,0,138000000,1,other
971,Anggabaya Padmasari,male,+62-853-555-376,Johan Putra,Banjarmasin,480,485,9,227000000,0,other
972,Suci Rahimah,,+62-838-555-974,Vega Wijaya,Sorong,560,565,2,145000000,1,
973,Aditya Fujiati,Female,+62-898-555-743,Gamani Novitasari,Kotamobagu,638,643,0,159000000,1,rent
974,Darimin Hutagalung,,+62-854-555-235,Balidin Yuniar,Jayapura,449,454,5,230000000,0,
975,Cawisadi Ramadan,Female,+62-878-555-845,Yunita Habibi,Banjarmasin,423,428,9,160000000,0,own
976,Mahesa Uyainah,Female,+62-897-555-314,Caturangga Palastri,Tanjung Pinang,474,479,3,36000000,0,missing
977,Ulva Farida,Female,+62-878-555-513,Kairav Pradana,Banda Aceh,760,765,10,42000000,1,mortgage
978,Shania Natsir,,+62-878-555-313,Enteng Firgantoro,Depok,334,339,9,142000000,1,mortgage
979,Okta Wulandari,male,+62-838-555-309,Anggabaya Handayani,Jakarta Barat,762,767,3,219000000,1,other
980,Icha Suartini,female,+62-878-555-676,Kacung Gunarto,Lhokseumawe,315,320,10,211000000,0,own
981,Lidya Widodo,Female,+62-899-555-363,Jarwi Lailasari,Tangerang Selatan,320,325,9,53000000,0,mortgage
982,Uchita Pranowo,male,+62-898-555-274,Natalia Suryatmi,Sabang,307,312,5,149000000,1,own
983,Dalimin Iswahyudi,male,+62-838-555-604,Patricia Handayani,Tarakan,307,312,6,185000000,0,rent
984,Siti Melani,,+62-878-555-266,Tantri Namaga,Tegal,712,717,1,108000000,1,
985,Wardaya Namaga,male,+62-878-555-890,Latika Hartati,Dumai,485,490,5,207000000,1,
986,Karen Andriani,female,+62-838-555-070,Hasna Purnawati,Bogor,511,516,8,133000000,0,mortgage
987,Maria Rahimah,Female,+62-838-555-401,Ilsa Yolanda,Pekanbaru,811,816,9,150000000,0,mortgage
988,Maimunah Safitri,male,+62-819-555-341,Balidin Winarno,Tangerang,498,503,3,132000000,1,rent
989,Caraka Gunawan,,+62-878-555-165,Dinda Riyanti,Pontianak,376,381,2,47000000,0,missing
990,Ratna Fujiati,Male,+62-878-555-141,Caraka Nainggolan,Pare-pare,521,526,0,224000000,1,other
991,Ida Setiawan,,+62-858-555-514,Oni Puspita,Gorontalo,502,507,7,39000000,1,other
992,Nurul Prabowo,Female,+62-878-555-471,Titi Sitompul,Tasikmalaya,696,701,8,190000000,1,rent
993,Kairav Nasyidah,male,+62-896-555-426,Harsaya Mandala,Bitung,684,689,6,50000000,0,missing
994,Kairav Nasyidah,Male,+62-878-555-050,Harsaya Mandala,Bitung,518,523,6,196000000,0,other
995,Harto Firmansyah,,+62-878-555-616,Paiman Hasanah,Semarang,611,616,4,154000000,0,rent
996,Harto Firmansyah,male,+62-858-555-804,Paiman Hasanah,Padang Sidempuan,691,696,4,170000000,0,missing
997,Gina Namaga,female,+62-814-555-463,Maras Purwanti,Bitung,467,472,5,58000000,1,other
998,Gina Namaga,Male,+62-858-555-536,Maras Purwanti,Pare-pare,516,521,7,171000000,0,mortgage
999,Umi Laksita,male,+62-838-555-279,Yani Dongoran,Bima,418,423,9,150000000,0,own
1000,Umi Laksita,male,+62-857-555-341,Yani Dongoran,Mataram,558,563,6,115000000,0,rent
